<?xml version="1.0" encoding="UTF-8"?>
<Entities
 majorVersion="9"
 minorVersion="3"
 universal="password">
    <Groups>
        <Group
         description=""
         documentationContent=""
         homeMashup=""
         name="KBConfigurationUserGroup"
         projectName="KBAdministration"
         scimDisplayName=""
         scimExternalId=""
         scimId=""
         tags="KBThingWorxUserHandling:AssignableAdminUserGroup">
            <avatar></avatar>
            <DesignTimePermissions>
                <Create></Create>
                <Read></Read>
                <Update></Update>
                <Delete></Delete>
                <Metadata></Metadata>
            </DesignTimePermissions>
            <RunTimePermissions></RunTimePermissions>
            <VisibilityPermissions>
                <Visibility></Visibility>
            </VisibilityPermissions>
            <ConfigurationTableDefinitions></ConfigurationTableDefinitions>
            <ConfigurationTables></ConfigurationTables>
            <Members>
                <Members>
                    <Member
                     name="adm-kumar2a"
                     type="User">
                     </Member>
                </Members>
            </Members>
        </Group>
    </Groups>
</Entities>
