<?xml version="1.0" encoding="UTF-8"?>
<Entities
 majorVersion="9"
 minorVersion="3"
 universal="password">
    <Things>
        <Thing
         description=""
         documentationContent=""
         effectiveThingPackage="ConfiguredThing"
         enabled="true"
         homeMashup=""
         identifier=""
         inheritedValueStream=""
         name="KBConfigurationHelperThing"
         projectName="KBAdministration"
         published="false"
         tags=""
         thingTemplate="GenericThing"
         valueStream="">
            <avatar></avatar>
            <DesignTimePermissions>
                <Create></Create>
                <Read>
                    <Principal
                     isPermitted="true"
                     name="KBMesKitHelperUser"
                     type="User"></Principal>
                </Read>
                <Update></Update>
                <Delete></Delete>
                <Metadata></Metadata>
            </DesignTimePermissions>
            <RunTimePermissions>
                <Permissions
                 resourceName="*">
                    <PropertyRead>
                        <Principal
                         isPermitted="true"
                         name="KBConfigurationUserGroup"
                         type="Group"></Principal>
                        <Principal
                         isPermitted="true"
                         name="KBLocalAdministrators"
                         type="Group"></Principal>
                        <Principal
                         isPermitted="true"
                         name="KBMesKitHelperUser"
                         type="User"></Principal>
                        <Principal
                         isPermitted="true"
                         name="KBUserGroup"
                         type="Group"></Principal>
                    </PropertyRead>
                    <PropertyWrite>
                        <Principal
                         isPermitted="true"
                         name="KBConfigurationUserGroup"
                         type="Group"></Principal>
                        <Principal
                         isPermitted="true"
                         name="KBLocalAdministrators"
                         type="Group"></Principal>
                        <Principal
                         isPermitted="true"
                         name="KBMesKitHelperUser"
                         type="User"></Principal>
                        <Principal
                         isPermitted="true"
                         name="KBUserGroup"
                         type="Group"></Principal>
                    </PropertyWrite>
                    <ServiceInvoke>
                        <Principal
                         isPermitted="true"
                         name="KBConfigurationUserGroup"
                         type="Group"></Principal>
                        <Principal
                         isPermitted="true"
                         name="KBLocalAdministrators"
                         type="Group"></Principal>
                        <Principal
                         isPermitted="true"
                         name="KBMesKitHelperUser"
                         type="User"></Principal>
                        <Principal
                         isPermitted="true"
                         name="KBUserGroup"
                         type="Group"></Principal>
                    </ServiceInvoke>
                    <EventInvoke>
                        <Principal
                         isPermitted="true"
                         name="KBConfigurationUserGroup"
                         type="Group"></Principal>
                        <Principal
                         isPermitted="true"
                         name="KBLocalAdministrators"
                         type="Group"></Principal>
                        <Principal
                         isPermitted="true"
                         name="KBMesKitHelperUser"
                         type="User"></Principal>
                        <Principal
                         isPermitted="true"
                         name="KBUserGroup"
                         type="Group"></Principal>
                    </EventInvoke>
                    <EventSubscribe></EventSubscribe>
                </Permissions>
            </RunTimePermissions>
            <VisibilityPermissions>
                <Visibility>
                    <Principal
                     isPermitted="true"
                     name="KBBackGroundWorker"
                     type="Organization"></Principal>
                    <Principal
                     isPermitted="true"
                     name="KBOrganization"
                     type="Organization"></Principal>
                </Visibility>
            </VisibilityPermissions>
            <ConfigurationTableDefinitions></ConfigurationTableDefinitions>
            <ConfigurationTables></ConfigurationTables>
            <ThingShape>
                <PropertyDefinitions></PropertyDefinitions>
                <ServiceDefinitions>
                    <ServiceDefinition
                     aspect.isAsync="false"
                     category=""
                     description=""
                     isAllowOverride="false"
                     isLocalOnly="false"
                     isOpen="false"
                     isPrivate="false"
                     name="AddOverrideFeedValues">
                        <ResultType
                         baseType="NOTHING"
                         description=""
                         name="result"
                         ordinal="0"></ResultType>
                        <ParameterDefinitions>
                            <FieldDefinition
                             baseType="STRING"
                             description=""
                             name="Machine"
                             ordinal="1"></FieldDefinition>
                        </ParameterDefinitions>
                    </ServiceDefinition>
                    <ServiceDefinition
                     aspect.isAsync="false"
                     category=""
                     description=""
                     isAllowOverride="false"
                     isLocalOnly="false"
                     isOpen="false"
                     isPrivate="false"
                     name="AddProductiveStateDefinition">
                        <ResultType
                         baseType="NUMBER"
                         description=""
                         name="result"
                         ordinal="0"></ResultType>
                        <ParameterDefinitions>
                            <FieldDefinition
                             aspect.isRequired="true"
                             baseType="STRING"
                             description=""
                             name="Machine"
                             ordinal="2"></FieldDefinition>
                        </ParameterDefinitions>
                    </ServiceDefinition>
                    <ServiceDefinition
                     aspect.isAsync="false"
                     category=""
                     description=""
                     isAllowOverride="false"
                     isLocalOnly="false"
                     isOpen="false"
                     isPrivate="false"
                     name="CreateLocalMachineorStationThings">
                        <ResultType
                         baseType="STRING"
                         description=""
                         name="result"
                         ordinal="0"></ResultType>
                        <ParameterDefinitions>
                            <FieldDefinition
                             aspect.isRequired="true"
                             baseType="STRING"
                             description=""
                             name="Machine"
                             ordinal="1"></FieldDefinition>
                        </ParameterDefinitions>
                    </ServiceDefinition>
                    <ServiceDefinition
                     aspect.isAsync="false"
                     category=""
                     description=""
                     isAllowOverride="false"
                     isLocalOnly="false"
                     isOpen="false"
                     isPrivate="false"
                     name="CreateNewOrgUnitThings">
                        <ResultType
                         baseType="STRING"
                         description=""
                         name="result"
                         ordinal="0"></ResultType>
                        <ParameterDefinitions>
                            <FieldDefinition
                             baseType="STRING"
                             description=""
                             name="AlternativeWorkcenterIdForNonSAPShiftCalendars"
                             ordinal="5"></FieldDefinition>
                            <FieldDefinition
                             baseType="STRING"
                             description=""
                             name="IndustrialThing"
                             ordinal="2"></FieldDefinition>
                            <FieldDefinition
                             baseType="STRING"
                             description=""
                             name="IndustrialThingProperties"
                             ordinal="6"></FieldDefinition>
                            <FieldDefinition
                             aspect.isRequired="true"
                             baseType="STRING"
                             description=""
                             name="Machine"
                             ordinal="1"></FieldDefinition>
                            <FieldDefinition
                             baseType="STRING"
                             description=""
                             name="SAPWorkCenterNo"
                             ordinal="3"></FieldDefinition>
                            <FieldDefinition
                             aspect.defaultValue="false"
                             baseType="BOOLEAN"
                             description=""
                             name="UseAlternativeWorkcenterIdForNonSAPShiftCalendars"
                             ordinal="4"></FieldDefinition>
                        </ParameterDefinitions>
                    </ServiceDefinition>
                    <ServiceDefinition
                     aspect.isAsync="false"
                     category=""
                     description=""
                     isAllowOverride="false"
                     isLocalOnly="false"
                     isOpen="false"
                     isPrivate="false"
                     name="GetIndustrialThingNames">
                        <ResultType
                         aspect.dataShape="KBIndustrialThingDatashape"
                         baseType="INFOTABLE"
                         description=""
                         name="result"
                         ordinal="0"></ResultType>
                        <ParameterDefinitions></ParameterDefinitions>
                    </ServiceDefinition>
                    <ServiceDefinition
                     aspect.isAsync="false"
                     category=""
                     description=""
                     isAllowOverride="false"
                     isLocalOnly="false"
                     isOpen="false"
                     isPrivate="false"
                     name="GetPropertiesFromIndustrialThing">
                        <ResultType
                         aspect.dataShape="KBIndustrialThingDatashape"
                         baseType="INFOTABLE"
                         description=""
                         name="result"
                         ordinal="0"></ResultType>
                        <ParameterDefinitions>
                            <FieldDefinition
                             baseType="STRING"
                             description=""
                             name="IndustrialThing"
                             ordinal="1"></FieldDefinition>
                            <FieldDefinition
                             baseType="STRING"
                             description=""
                             name="MachineNo"
                             ordinal="2"></FieldDefinition>
                        </ParameterDefinitions>
                    </ServiceDefinition>
                    <ServiceDefinition
                     aspect.isAsync="false"
                     category=""
                     description=""
                     isAllowOverride="false"
                     isLocalOnly="false"
                     isOpen="false"
                     isPrivate="false"
                     name="SelectedValue">
                        <ResultType
                         baseType="BOOLEAN"
                         description=""
                         name="result"
                         ordinal="0"></ResultType>
                        <ParameterDefinitions></ParameterDefinitions>
                    </ServiceDefinition>
                    <ServiceDefinition
                     aspect.isAsync="false"
                     category=""
                     description=""
                     isAllowOverride="false"
                     isLocalOnly="false"
                     isOpen="false"
                     isPrivate="false"
                     name="SetDBStationThingProperties">
                        <ResultType
                         aspect.dataShape="RootEntityList"
                         baseType="NOTHING"
                         description=""
                         name="result"
                         ordinal="0"></ResultType>
                        <ParameterDefinitions>
                            <FieldDefinition
                             aspect.isRequired="true"
                             baseType="STRING"
                             description=""
                             name="Machine"
                             ordinal="1"></FieldDefinition>
                        </ParameterDefinitions>
                    </ServiceDefinition>
                    <ServiceDefinition
                     aspect.isAsync="false"
                     category=""
                     description=""
                     isAllowOverride="false"
                     isLocalOnly="false"
                     isOpen="false"
                     isPrivate="false"
                     name="SetMachineThingProperties">
                        <ResultType
                         aspect.dataShape="RootEntityList"
                         baseType="NOTHING"
                         description=""
                         name="result"
                         ordinal="0"></ResultType>
                        <ParameterDefinitions>
                            <FieldDefinition
                             baseType="STRING"
                             description=""
                             name="AlternativeWorkcenterIdForNonSAPShiftCalendars"
                             ordinal="4"></FieldDefinition>
                            <FieldDefinition
                             aspect.isRequired="true"
                             baseType="STRING"
                             description=""
                             name="Machine"
                             ordinal="1"></FieldDefinition>
                            <FieldDefinition
                             baseType="STRING"
                             description=""
                             name="SAPWorkCenterNo"
                             ordinal="2"></FieldDefinition>
                            <FieldDefinition
                             aspect.defaultValue="false"
                             baseType="BOOLEAN"
                             description=""
                             name="UseAlternativeWorkcenterIdForNonSAPShiftCalendars"
                             ordinal="3"></FieldDefinition>
                        </ParameterDefinitions>
                    </ServiceDefinition>
                    <ServiceDefinition
                     aspect.isAsync="false"
                     category=""
                     description=""
                     isAllowOverride="false"
                     isLocalOnly="false"
                     isOpen="false"
                     isPrivate="false"
                     name="SetPLCStationThingProperties">
                        <ResultType
                         baseType="NOTHING"
                         description=""
                         name="result"
                         ordinal="0"></ResultType>
                        <ParameterDefinitions>
                            <FieldDefinition
                             baseType="STRING"
                             description=""
                             name="IndustrialThing"
                             ordinal="2"></FieldDefinition>
                            <FieldDefinition
                             baseType="STRING"
                             description=""
                             name="IndustrialThingProperties"
                             ordinal="3"></FieldDefinition>
                            <FieldDefinition
                             aspect.isRequired="true"
                             baseType="STRING"
                             description=""
                             name="Machine"
                             ordinal="1"></FieldDefinition>
                        </ParameterDefinitions>
                    </ServiceDefinition>
                    <ServiceDefinition
                     aspect.isAsync="false"
                     category=""
                     description=""
                     isAllowOverride="false"
                     isLocalOnly="false"
                     isOpen="false"
                     isPrivate="false"
                     name="SetTextBoxValues">
                        <ResultType
                         baseType="STRING"
                         description=""
                         name="result"
                         ordinal="0"></ResultType>
                        <ParameterDefinitions></ParameterDefinitions>
                    </ServiceDefinition>
                    <ServiceDefinition
                     aspect.isAsync="false"
                     category=""
                     description=""
                     isAllowOverride="false"
                     isLocalOnly="false"
                     isOpen="false"
                     isPrivate="false"
                     name="Testing">
                        <ResultType
                         baseType="NOTHING"
                         description=""
                         name="result"
                         ordinal="0"></ResultType>
                        <ParameterDefinitions>
                            <FieldDefinition
                             baseType="STRING"
                             description=""
                             name="IndustrialThing"
                             ordinal="3"></FieldDefinition>
                            <FieldDefinition
                             baseType="STRING"
                             description=""
                             name="Machine"
                             ordinal="1"></FieldDefinition>
                            <FieldDefinition
                             baseType="STRING"
                             description=""
                             name="PLCStationName"
                             ordinal="2"></FieldDefinition>
                        </ParameterDefinitions>
                    </ServiceDefinition>
                    <ServiceDefinition
                     aspect.isAsync="false"
                     category=""
                     description=""
                     isAllowOverride="false"
                     isLocalOnly="false"
                     isOpen="false"
                     isPrivate="false"
                     name="Testing1">
                        <ResultType
                         baseType="STRING"
                         description=""
                         name="result"
                         ordinal="0"></ResultType>
                        <ParameterDefinitions>
                            <FieldDefinition
                             baseType="STRING"
                             description=""
                             name="propertyName"
                             ordinal="1"></FieldDefinition>
                        </ParameterDefinitions>
                    </ServiceDefinition>
                </ServiceDefinitions>
                <EventDefinitions></EventDefinitions>
                <ServiceMappings></ServiceMappings>
                <ServiceImplementations>
                    <ServiceImplementation
                     description=""
                     handlerName="Script"
                     name="AddOverrideFeedValues">
                        <ConfigurationTables>
                            <ConfigurationTable
                             dataShapeName=""
                             description=""
                             isMultiRow="false"
                             name="Script"
                             ordinal="0">
                                <DataShape>
                                    <FieldDefinitions>
                                        <FieldDefinition
                                         baseType="STRING"
                                         description="code"
                                         name="code"
                                         ordinal="0"></FieldDefinition>
                                    </FieldDefinitions>
                                </DataShape>
                                <Rows>
                                    <Row>
                                        <code>
                                        <![CDATA[
                                        var dateTime = new Date();
                                        var location = Resources["KBThingWorxServerSystem"].GetLocationIdentifier();
                                        var MachineName = 'KB' + location + Machine + 'MachineThing';
                                        var PLCStationName;
                                        var DBStationName;
                                        if (location == 'BUD') {
                                        	PLCStationName = 'KB' + location + Machine + '-PLCStationThing';
                                        	DBStationName = 'KB' + location + Machine + '-NDNC-DBStationThing';
                                        } else {
                                        	PLCStationName = 'KB' + location + Machine + 'PLCStationThing';
                                        	DBStationName = 'KB' + location + Machine + 'DBStationThing';
                                        }
                                        var result;
                                        // result: NUMBER
                                        var data = Things["KBKPILocalThingWorxDatabaseThing"].AddMachineFloatDataToDataTable({
                                        	Comment: undefined /* STRING */ ,
                                        	Description: undefined /* STRING */ ,
                                        	ValueName: 'PERFORMANCE' /* STRING */ ,
                                        	Value: 100 /* NUMBER */ ,
                                        	LowerLimit: 0 /* NUMBER */ ,
                                        	Unit: '%' /* STRING */ ,
                                        	UpperLimit: 120 /* NUMBER */ ,
                                        	DateTime: dateTime /* DATETIME */ ,
                                        	Machine: PLCStationName /* STRING */
                                        });
                                        var data1 = Things["KBKPILocalThingWorxDatabaseThing"].AddMachineFloatDataToDataTable({
                                        	Comment: undefined /* STRING */ ,
                                        	Description: undefined /* STRING */ ,
                                        	ValueName: 'OVERRIDE_FEED' /* STRING */ ,
                                        	Value: 100 /* NUMBER */ ,
                                        	LowerLimit: 0 /* NUMBER */ ,
                                        	Unit: '%' /* STRING */ ,
                                        	UpperLimit: 120 /* NUMBER */ ,
                                        	DateTime: dateTime /* DATETIME */ ,
                                        	Machine: PLCStationName /* STRING */
                                        });
                                        var data2 = Things["KBKPILocalThingWorxDatabaseThing"].AddMachineFloatDataToDataTable({
                                        	Comment: undefined /* STRING */ ,
                                        	Description: undefined /* STRING */ ,
                                        	ValueName: 'OVERRIDE_SPINDLE' /* STRING */ ,
                                        	Value: 100 /* NUMBER */ ,
                                        	LowerLimit: 0 /* NUMBER */ ,
                                        	Unit: '%' /* STRING */ ,
                                        	UpperLimit: 120 /* NUMBER */ ,
                                        	DateTime: dateTime /* DATETIME */ ,
                                        	Machine: PLCStationName /* STRING */
                                        });
                                        ]]>
                                        </code>
                                    </Row>
                                </Rows>
                            </ConfigurationTable>
                        </ConfigurationTables>
                    </ServiceImplementation>
                    <ServiceImplementation
                     description=""
                     handlerName="Script"
                     name="AddProductiveStateDefinition">
                        <ConfigurationTables>
                            <ConfigurationTable
                             dataShapeName=""
                             description=""
                             isMultiRow="false"
                             name="Script"
                             ordinal="0">
                                <DataShape>
                                    <FieldDefinitions>
                                        <FieldDefinition
                                         baseType="STRING"
                                         description="code"
                                         name="code"
                                         ordinal="0"></FieldDefinition>
                                    </FieldDefinitions>
                                </DataShape>
                                <Rows>
                                    <Row>
                                        <code>
                                        <![CDATA[
                                        try {
                                        	var location = Resources["KBThingWorxServerSystem"].GetLocationIdentifier();
                                        	var MachineName = 'KB' + location + Machine + 'MachineThing';
                                            var PLCStationName;
                                        	var DBStationName;
                                        	if (location == 'BUD') {
                                        		PLCStationName = 'KB' + location + Machine + '-PLCStationThing';
                                        		DBStationName = 'KB' + location + Machine + '-NDNC-DBStationThing';
                                        	} else {
                                        		PLCStationName = 'KB' + location + Machine + 'PLCStationThing';
                                        		DBStationName = 'KB' + location + Machine + 'DBStationThing';
                                        	}
                                        	var result;
                                        	var productiveState = Things["KBAdministrationDatabaseThing"].GetProductiveStateDefinition({
                                        		Station: PLCStationName /* STRING */
                                        	});
                                        	if (productiveState.rows.length == 0) {
                                        		if (location == 'MLK' || location == 'PNA') {
                                        			// result: NUMBER
                                        			result = Things["KBAdministrationDatabaseThing"].AddProductiveStateDefinition({
                                        				Station: PLCStationName /* STRING */ ,
                                        				StatusName: 'PRODUCTIVE' /* STRING */ ,
                                        				StatusValue: 'ON' /* STRING */ ,
                                        				Machine: MachineName /* STRING */ ,
                                        				StatusComparer: '=' /* STRING */
                                        			});
                                        		} else if (location == 'BRQ') {
                                        			// result: NUMBER
                                        			result = Things["KBAdministrationDatabaseThing"].AddProductiveStateDefinition({
                                        				Station: PLCStationName /* STRING */ ,
                                        				StatusName: 'PRODUCTIVE' /* STRING */ ,
                                        				StatusValue: 'ON' /* STRING */ ,
                                        				Machine: MachineName /* STRING */ ,
                                        				StatusComparer: '=' /* STRING */
                                        			});
                                        		} else {
                                        			// result: NUMBER
                                        			result = Things["KBAdministrationDatabaseThing"].AddProductiveStateDefinition({
                                        				Station: PLCStationName /* STRING */ ,
                                        				StatusName: 'NC_PROGRAM_RUNNING' /* STRING */ ,
                                        				StatusValue: 'ON' /* STRING */ ,
                                        				Machine: MachineName /* STRING */ ,
                                        				StatusComparer: '=' /* STRING */
                                        			});
                                        		}
                                        	}
                                        } catch (e) {
                                        	logger.error('error in AddProductiveStateDefinition service of' + me.name + ' thing: ' + e);
                                        }
                                        ]]>
                                        </code>
                                    </Row>
                                </Rows>
                            </ConfigurationTable>
                        </ConfigurationTables>
                    </ServiceImplementation>
                    <ServiceImplementation
                     description=""
                     handlerName="Script"
                     name="CreateLocalMachineorStationThings">
                        <ConfigurationTables>
                            <ConfigurationTable
                             dataShapeName=""
                             description=""
                             isMultiRow="false"
                             name="Script"
                             ordinal="0">
                                <DataShape>
                                    <FieldDefinitions>
                                        <FieldDefinition
                                         baseType="STRING"
                                         description="code"
                                         name="code"
                                         ordinal="0"></FieldDefinition>
                                    </FieldDefinitions>
                                </DataShape>
                                <Rows>
                                    <Row>
                                        <code>
                                        <![CDATA[
                                        try {
                                        	var result;
                                        	// result: INFOTABLE dataShape: "KBThingCreatorResponseDataShape"
                                        	var localMachineThing = Things["KBSmartKpiThingCreatorThing"].CreateLocalMachineOrLine({
                                        		MachineOrLineName: Machine /* STRING [Required] */
                                        	});
                                        	var location = Resources["KBThingWorxServerSystem"].GetLocationIdentifier();
                                        	var machineThing = 'KB' + location + Machine + 'MachineThing';
                                        	var localPLCStation;
                                        	if (location == 'BUD') {
                                        		localPLCStation = Machine + '-PLC';
                                        	} else {
                                        		localPLCStation = Machine + 'PLC';
                                        	}
                                        	var localDBStation;
                                        	if (location == 'BUD') {
                                        		localDBStation = Machine + '-NDNC-DB';
                                        	} else if (location == 'BRQ') {
                                        		localDBStation = Machine + 'SAP';
                                        	} else {
                                        		localDBStation = Machine + 'DB';
                                        	}
                                        	// result: INFOTABLE dataShape: "KBThingCreatorResponseDataShape"
                                        	var localPLCStationThing = Things["KBSmartKpiThingCreatorThing"].CreateLocalStationWithLineAssignment({
                                        		StationName: localPLCStation /* STRING */ ,
                                        		LineThingName: machineThing /* THINGNAME [Required] */
                                        	});
                                        
                                        	// result: INFOTABLE dataShape: "KBThingCreatorResponseDataShape"
                                        	var localDBStationThing = Things["KBSmartKpiThingCreatorThing"].CreateLocalStationWithLineAssignment({
                                        		StationName: localDBStation /* STRING */ ,
                                        		LineThingName: machineThing /* THINGNAME [Required] */
                                        	});
                                        	if (localMachineThing != undefined) {
                                        		var text = localMachineThing.rows[0].Text;
                                        		//        logger.error('text: ' + text);
                                        		if (text.indexOf("Device already exists") == -1) {
                                        			result = 'Things not created, issue while creation';
                                        		}
                                        	} else {
                                        		result = 'Things created';
                                        	}
                                        } catch (e) {
                                        	logger.error('error in CreateLocalMachineorLineThing in KBConfigurationHelperThing ' + e);
                                        }
                                        ]]>
                                        </code>
                                    </Row>
                                </Rows>
                            </ConfigurationTable>
                        </ConfigurationTables>
                    </ServiceImplementation>
                    <ServiceImplementation
                     description=""
                     handlerName="Script"
                     name="CreateNewOrgUnitThings">
                        <ConfigurationTables>
                            <ConfigurationTable
                             dataShapeName=""
                             description=""
                             isMultiRow="false"
                             name="Script"
                             ordinal="0">
                                <DataShape>
                                    <FieldDefinitions>
                                        <FieldDefinition
                                         baseType="STRING"
                                         description="code"
                                         name="code"
                                         ordinal="0"></FieldDefinition>
                                    </FieldDefinitions>
                                </DataShape>
                                <Rows>
                                    <Row>
                                        <code>
                                        <![CDATA[
                                        try {
                                        	var result;
                                        	var location = Resources["KBThingWorxServerSystem"].GetLocationIdentifier();
                                        	var deviceThingName = 'KB' + location + Machine + 'MachineThing';
                                        	var params = {
                                        		thingName: deviceThingName /* STRING */
                                        	};
                                        
                                        	// result: BOOLEAN
                                        	if (!Resources["PTC.Factory.CommonUtilities"].DoesThingExists(params)) {
                                        		result = me.CreateLocalMachineorStationThings({
                                        			Machine: Machine /* STRING [Required] */
                                        		});
                                        		me.SetMachineThingProperties({
                                        			Machine: Machine /* STRING [Required] */ ,
                                        			SAPWorkCenterNo: SAPWorkCenterNo /* STRING */ ,
                                        			UseAlternativeWorkcenterIdForNonSAPShiftCalendars: UseAlternativeWorkcenterIdForNonSAPShiftCalendars /* BOOLEAN {"defaultValue":false} */ ,
                                        			AlternativeWorkcenterIdForNonSAPShiftCalendars: AlternativeWorkcenterIdForNonSAPShiftCalendars /* STRING */
                                        		});
                                        		me.SetPLCStationThingProperties({
                                        			Machine: Machine /* STRING [Required] */ ,
                                        			IndustrialThing: IndustrialThing /* STRING */ ,
                                        			IndustrialThingProperties: IndustrialThingProperties
                                        		});
                                        		me.SetDBStationThingProperties({
                                        			Machine: Machine /* STRING [Required] */
                                        		});
                                        		me.AddProductiveStateDefinition({
                                        			Machine: Machine /* STRING [Required] */
                                        		});
                                        		me.AddOverrideFeedValues({
                                        			Machine: Machine /* STRING */
                                        		});
                                                result = 'Things created';
                                        	} else {
                                                result = 'Things not created as it would already exist, kindly please check and contact with Administrator';
                                            }
                                        } catch (e) {
                                        	logger.error('error in CreateNewOrgUnitThings service of KBConfigurationHelperThing: ' + e);
                                        }
                                        ]]>
                                        </code>
                                    </Row>
                                </Rows>
                            </ConfigurationTable>
                        </ConfigurationTables>
                    </ServiceImplementation>
                    <ServiceImplementation
                     description=""
                     handlerName="Script"
                     name="GetIndustrialThingNames">
                        <ConfigurationTables>
                            <ConfigurationTable
                             dataShapeName=""
                             description=""
                             isMultiRow="false"
                             name="Script"
                             ordinal="0">
                                <DataShape>
                                    <FieldDefinitions>
                                        <FieldDefinition
                                         baseType="STRING"
                                         description="code"
                                         name="code"
                                         ordinal="0"></FieldDefinition>
                                    </FieldDefinitions>
                                </DataShape>
                                <Rows>
                                    <Row>
                                        <code>
                                        <![CDATA[
                                        try {
                                        	// CreateInfoTableFromDataShape(infoTableName:STRING("InfoTable"), dataShapeName:STRING):INFOTABLE(KBIndustrialThingDatashape)
                                        	var result = Resources["InfoTableFunctions"].CreateInfoTableFromDataShape({
                                        		infoTableName: "InfoTable",
                                        		dataShapeName: "KBIndustrialThingDatashape"
                                        	});
                                        	var params = {
                                        		maxItems: undefined /* NUMBER {"defaultValue":500} */ ,
                                        		nameMask: undefined /* STRING */ ,
                                        		query: undefined /* QUERY */ ,
                                        		thingTemplate: 'PTC.Factory.KepServerThingTemplate' /* THINGTEMPLATENAME */ ,
                                        		tags: undefined /* TAGS */
                                        	};
                                        
                                        	// result: INFOTABLE dataShape: RootEntityList
                                        	var data = Resources["SearchFunctions"].SearchThingsByTemplate(params);
                                        	for (var i = 0; i < data.rows.length; i++) {
                                        		var thingName = data.rows[i].name;
                                        		// KBIndustrialThingDatashape entry object
                                        		var newEntry = {
                                        			name: thingName, // STRING [Primary Key]
                                        			time: '', // DATETIME
                                        			value: '', // VARIANT
                                        			quality: '' // STRING
                                        		};
                                        		result.AddRow(newEntry);
                                        	}
                                        } catch (e) {
                                        	logger.error('error in IndustrialThing service of KBConfigurationHelperThing: ' + e);
                                        }
                                        ]]>
                                        </code>
                                    </Row>
                                </Rows>
                            </ConfigurationTable>
                        </ConfigurationTables>
                    </ServiceImplementation>
                    <ServiceImplementation
                     description=""
                     handlerName="Script"
                     name="GetPropertiesFromIndustrialThing">
                        <ConfigurationTables>
                            <ConfigurationTable
                             dataShapeName=""
                             description=""
                             isMultiRow="false"
                             name="Script"
                             ordinal="0">
                                <DataShape>
                                    <FieldDefinitions>
                                        <FieldDefinition
                                         baseType="STRING"
                                         description="code"
                                         name="code"
                                         ordinal="0"></FieldDefinition>
                                    </FieldDefinitions>
                                </DataShape>
                                <Rows>
                                    <Row>
                                        <code>
                                        <![CDATA[
                                        try {
                                        	if (IndustrialThing != undefined && IndustrialThing != null) {
                                        		var propertyValuesAsMultiRowTable = Things[IndustrialThing].GetPropertyValuesAsMultiRowTable();
                                        		// CreateInfoTableFromDataShape(infoTableName:STRING("InfoTable"), dataShapeName:STRING):INFOTABLE(KBIndustrialThingDatashape)
                                        		var result = Resources["InfoTableFunctions"].CreateInfoTableFromDataShape({
                                        			infoTableName: "InfoTable",
                                        			dataShapeName: "KBIndustrialThingDatashape"
                                        		});
                                        		for (var i = 0; i < propertyValuesAsMultiRowTable.rows.length; i++) {
                                        			var propertyName = propertyValuesAsMultiRowTable.rows[i].name;
                                        			if (MachineNo != null && MachineNo != undefined) {
                                        				if (propertyName.indexOf(MachineNo) != -1) {
                                        					// KBIndustrialThingDatashape entry object
                                        					var newEntry = {
                                        						name: propertyName, // STRING [Primary Key]
                                        						time: undefined, // DATETIME
                                        						value: undefined, // VARIANT
                                        						quality: undefined // STRING
                                        					};
                                        					result.AddRow(newEntry);
                                        				}
                                        			}
                                        		}
                                        	}
                                        } catch (e) {
                                        	logger.error('error in GetPropertiesFromIndustrialThing of KBConfigurationHelperThing: ' + e);
                                        }
                                        ]]>
                                        </code>
                                    </Row>
                                </Rows>
                            </ConfigurationTable>
                        </ConfigurationTables>
                    </ServiceImplementation>
                    <ServiceImplementation
                     description=""
                     handlerName="Script"
                     name="SelectedValue">
                        <ConfigurationTables>
                            <ConfigurationTable
                             dataShapeName=""
                             description=""
                             isMultiRow="false"
                             name="Script"
                             ordinal="0">
                                <DataShape>
                                    <FieldDefinitions>
                                        <FieldDefinition
                                         baseType="STRING"
                                         description="code"
                                         name="code"
                                         ordinal="0"></FieldDefinition>
                                    </FieldDefinitions>
                                </DataShape>
                                <Rows>
                                    <Row>
                                        <code>
                                        <![CDATA[
                                        var result = false;
                                        ]]>
                                        </code>
                                    </Row>
                                </Rows>
                            </ConfigurationTable>
                        </ConfigurationTables>
                    </ServiceImplementation>
                    <ServiceImplementation
                     description=""
                     handlerName="Script"
                     name="SetDBStationThingProperties">
                        <ConfigurationTables>
                            <ConfigurationTable
                             dataShapeName=""
                             description=""
                             isMultiRow="false"
                             name="Script"
                             ordinal="0">
                                <DataShape>
                                    <FieldDefinitions>
                                        <FieldDefinition
                                         baseType="STRING"
                                         description="code"
                                         name="code"
                                         ordinal="0"></FieldDefinition>
                                    </FieldDefinitions>
                                </DataShape>
                                <Rows>
                                    <Row>
                                        <code>
                                        <![CDATA[
                                        try {
                                        	var location = Resources["KBThingWorxServerSystem"].GetLocationIdentifier();
                                        	var MachineName = 'KB' + location + Machine + 'MachineThing';
                                        	if (location == 'BUD') {
                                        		localPLCStation = Machine + '-PLC';
                                        	} else {
                                        		localPLCStation = Machine + 'PLC';
                                        	}
                                        	var localDBStation;
                                        	if (location == 'BUD') {
                                        		localDBStation = Machine + '-NDNC-DB';
                                        	} else {
                                        		localDBStation = Machine + 'DB';
                                        	}
                                        	var PLCStationName;
                                        	var DBStationName;
                                            var dName;
                                        	if (location == 'BUD') {
                                        		PLCStationName = 'KB' + location + Machine + '-PLCStationThing';
                                        		DBStationName = 'KB' + location + Machine + '-NDNC-DBStationThing';
                                                dName = location + Machine + '-NDNC-DB';
                                        	} else if (location == 'BRQ') {
                                                PLCStationName = 'KB' + location + Machine + 'PLCStationThing';
                                        		DBStationName = 'KB' + location + Machine + 'SAPStationThing';
                                                dName = location + Machine + '-SAP';
                                            } else {
                                        		PLCStationName = 'KB' + location + Machine + 'PLCStationThing';
                                        		DBStationName = 'KB' + location + Machine + 'DBStationThing';
                                                dName = location + Machine + '-DB';
                                        	}
                                        	Things[DBStationName].KBLocalLineThing = MachineName;
                                        	Things[DBStationName].Line = MachineName;
                                        	Things[DBStationName].Station = DBStationName;
                                            Things[DBStationName].DisplayName = dName;
                                        	Things[DBStationName].FullName = dName;
                                        	if (location == 'BUD') {
                                        		Things[DBStationName].CanPushRateOfQualityData = true;
                                        	}
                                        } catch (e) {
                                        	logger.error('error in SetMachineThingProperties service of KBConfigurationHelperThing ' + e);
                                        }
                                        ]]>
                                        </code>
                                    </Row>
                                </Rows>
                            </ConfigurationTable>
                        </ConfigurationTables>
                    </ServiceImplementation>
                    <ServiceImplementation
                     description=""
                     handlerName="Script"
                     name="SetMachineThingProperties">
                        <ConfigurationTables>
                            <ConfigurationTable
                             dataShapeName=""
                             description=""
                             isMultiRow="false"
                             name="Script"
                             ordinal="0">
                                <DataShape>
                                    <FieldDefinitions>
                                        <FieldDefinition
                                         baseType="STRING"
                                         description="code"
                                         name="code"
                                         ordinal="0"></FieldDefinition>
                                    </FieldDefinitions>
                                </DataShape>
                                <Rows>
                                    <Row>
                                        <code>
                                        <![CDATA[
                                        try {
                                        	var location = Resources["KBThingWorxServerSystem"].GetLocationIdentifier();
                                        	var MachineName = 'KB' + location + Machine + 'MachineThing';
                                            var PLCStationName;
                                        	var DBStationName;
                                        	if (location == 'BUD') {
                                        		PLCStationName = 'KB' + location + Machine + '-PLCStationThing';
                                        		DBStationName = 'KB' + location + Machine + '-NDNC-DBStationThing';
                                        	} else {
                                        		PLCStationName = 'KB' + location + Machine + 'PLCStationThing';
                                        		DBStationName = 'KB' + location + Machine + 'DBStationThing';
                                        	}
                                        	Things[MachineName].MainStationForLineStatus = PLCStationName;
                                        	Things[MachineName].DisplayName = Machine;
                                        	Things[MachineName].FullName = Machine;
                                        	var paramsPlant = {
                                        		maxItems: undefined /* NUMBER */ ,
                                        		nameMask: undefined /* STRING */ ,
                                        		thingTemplate: 'KBLocalPlantThingTemplate' /* THINGTEMPLATENAME */ ,
                                        	};
                                        
                                        	// result: INFOTABLE dataShape: RootEntityList
                                        	var dataPlant = Resources["SearchFunctions"].SearchThingsByTemplateWithPersistent(paramsPlant);
                                        	var plantName;
                                        	for (var s = 0; s < dataPlant.rows.length; s++) {
                                        		plantName = dataPlant.rows[s].name;
                                        	}
                                        	Things[MachineName].KBPlantThing = plantName;
                                        	if (SAPWorkCenterNo !== undefined && SAPWorkCenterNo !== null) {
                                        		Things[MachineName].SAPWorkcenterNumber = SAPWorkCenterNo;
                                        		Things[MachineName].UseAlternativeWorkcenterIdForNonSAPShiftCalendars = false;
                                        	}
                                        	if (UseAlternativeWorkcenterIdForNonSAPShiftCalendars) {
                                        		Things[MachineName].UseAlternativeWorkcenterIdForNonSAPShiftCalendars = true;
                                        		if (AlternativeWorkcenterIdForNonSAPShiftCalendars !== undefined && AlternativeWorkcenterIdForNonSAPShiftCalendars !== null) {
                                        			Things[MachineName].AlternativeWorkcenterIdForNonSAPShiftCalendars = AlternativeWorkcenterIdForNonSAPShiftCalendars;
                                        		}
                                        	} else {
                                        		Things[MachineName].UseAlternativeWorkcenterIdForNonSAPShiftCalendars = false;
                                        	}
                                        } catch (e) {
                                        	logger.error('error in SetMachineThingProperties service of KBConfigurationHelperThing ' + e);
                                        }
                                        ]]>
                                        </code>
                                    </Row>
                                </Rows>
                            </ConfigurationTable>
                        </ConfigurationTables>
                    </ServiceImplementation>
                    <ServiceImplementation
                     description=""
                     handlerName="Script"
                     name="SetPLCStationThingProperties">
                        <ConfigurationTables>
                            <ConfigurationTable
                             dataShapeName=""
                             description=""
                             isMultiRow="false"
                             name="Script"
                             ordinal="0">
                                <DataShape>
                                    <FieldDefinitions>
                                        <FieldDefinition
                                         baseType="STRING"
                                         description="code"
                                         name="code"
                                         ordinal="0"></FieldDefinition>
                                    </FieldDefinitions>
                                </DataShape>
                                <Rows>
                                    <Row>
                                        <code>
                                        <![CDATA[
                                        try {
                                        	var location = Resources["KBThingWorxServerSystem"].GetLocationIdentifier();
                                        	var MachineName = 'KB' + location + Machine + 'MachineThing';
                                        	var MachineBUD = Machine;
                                        	var PLCStationName;
                                        	var DBStationName;
                                            var dName;
                                        	if (location == 'BUD') {
                                        		PLCStationName = 'KB' + location + Machine + '-PLCStationThing';
                                        		DBStationName = 'KB' + location + Machine + '-NDNC-DBStationThing';
                                                dName = location + Machine + '-PLC';
                                        	} else {
                                        		PLCStationName = 'KB' + location + Machine + 'PLCStationThing';
                                        		DBStationName = 'KB' + location + Machine + 'DBStationThing';
                                                dName = location + Machine + 'PLC';
                                        	}
                                        	Things[PLCStationName].BypassMachineDataBuffer = false;
                                        	Things[PLCStationName].BypassMessageDataBuffer = true;
                                        	Things[PLCStationName].BypassPartDataBuffer = true;
                                        	Things[PLCStationName].BypassStateDataBuffer = true;
                                        	Things[PLCStationName].KBLocalLineThing = MachineName;
                                        	Things[PLCStationName].Line = MachineName;
                                        	Things[PLCStationName].Station = PLCStationName;
                                            Things[PLCStationName].DisplayName = dName;
                                        	Things[PLCStationName].FullName = dName;
                                        	if (location == 'KBB') {
                                        		Things[PLCStationName].DoFakeConfirmationFor100PercentRQ = true;
                                        	}
                                        	// CreateInfoTableFromDataShape(infoTableName:STRING("InfoTable"), dataShapeName:STRING):INFOTABLE(KBIndustrialThingDatashape)
                                        	var industrialParams = Resources["InfoTableFunctions"].CreateInfoTableFromDataShape({
                                        		infoTableName: "InfoTable",
                                        		dataShapeName: "KBIndustrialThingDatashape"
                                        	});
                                        	if (IndustrialThing !== undefined && IndustrialThing !== null) {
                                        		// result: INFOTABLE dataShape: ""
                                        		var propertyValuesAsMultiRowTable = Things[IndustrialThing].GetPropertyValuesAsMultiRowTable();
                                        		for (var i = 0; i < propertyValuesAsMultiRowTable.rows.length; i++) {
                                        			var propertyName = propertyValuesAsMultiRowTable.rows[i].name;
                                        			var MachineFinal = Machine;
                                        //			if (location == 'PNA') {
                                        //				MachineFinal = Machine;
                                        //			} else if (location == 'BUD') {
                                        //				//				if (MachineFinal.indexOf('-') != -1) {
                                        //				//					var newStr = MachineBUD.replace(/-/g, "_");
                                        //				//					MachineFinal = newStr;
                                        //				//				}
                                        //				MachineFinal = Machine;
                                        //			} else {
                                        //				MachineFinal = Machine;
                                        //			}
                                        			if (propertyName.indexOf(MachineFinal) != -1 || propertyName.indexOf(IndustrialThingProperties) != -1) {
                                        				var data = Things[IndustrialThing].GetPropertyDefinition({
                                        					name: propertyName /* STRING */
                                        				});
                                        				var string1;
                                        				var first;
                                        				var second;
                                        				var third;
                                        				var fourth;
                                        				var propertyReal;
                                        				if (location == 'PNA') {
                                        //					string1 = propertyName;
                                        //					first = string1.indexOf("_");
                                        //					second = string1.indexOf("_", first + 1);
                                        //					propertyReal = (string1.substring(second + 1));
                                                            string1 = propertyName;
                                        					propertyReal = string1.split(IndustrialThingProperties)[1];
                                        				} else if (location == 'KBB' || location == 'MLK') {
                                        					string1 = propertyName;
                                        					propertyReal = string1.split(IndustrialThingProperties)[1];
                                        				} else if (location == 'BUD') {
                                        					string1 = propertyName;
                                        					propertyReal = string1.split(IndustrialThingProperties)[1];
                                        //                    logger.error('propertyReal in BUD: '+ propertyReal);
                                        //					first = string1.indexOf(IndustrialThingProperties);
                                        //					propertyReal = (string1.substring(first + 1));
                                        				} else {
                                        					string1 = propertyName;
                                        					propertyReal = string1.split(IndustrialThingProperties)[1];
                                        				}
                                        				var propertyType = data.rows[0].baseType;
                                        //                logger.error('PLCStationName in BUD: '+ PLCStationName);
                                        				Things[PLCStationName].AddPropertyDefinition({
                                        					indexed: false /* BOOLEAN {"defaultValue":false} */ ,
                                        					defaultValue: undefined /* STRING */ ,
                                        					remoteBindingAspects: {} /* JSON */ ,
                                        					description: '' /* STRING {"defaultValue":""} */ ,
                                        					readOnly: true /* BOOLEAN {"defaultValue":false} */ ,
                                        					type: propertyType /* BASETYPENAME */ ,
                                        					remote: false /* BOOLEAN {"defaultValue":false} */ ,
                                        					remotePropertyName: undefined /* STRING */ ,
                                        					timeout: undefined /* INTEGER {"defaultValue":0} */ ,
                                        					pushType: undefined /* STRING */ ,
                                        					dataChangeThreshold: undefined /* NUMBER */ ,
                                        					logged: false /* BOOLEAN {"defaultValue":false} */ ,
                                        					name: propertyReal /* STRING */ ,
                                        					pushThreshold: undefined /* NUMBER */ ,
                                        					dataChangeType: 'VALUE' /* STRING */ ,
                                        					category: undefined /* STRING */ ,
                                        					persistent: false /* BOOLEAN {"defaultValue":false} */ ,
                                        					dataShape: '' /* DATASHAPENAME */
                                        				});
                                        				Things[PLCStationName].SetLocalPropertyBinding({
                                        					propertyName: propertyReal /* STRING */ ,
                                        					aspects: undefined /* JSON */ ,
                                        					sourceThingName: IndustrialThing /* STRING */ ,
                                        					sourcePropertyName: propertyName /* STRING */
                                        				});
                                        			}
                                        		}
                                        	}
                                        } catch (e) {
                                        	logger.error('error in SetMachineThingProperties service of KBConfigurationHelperThing ' + e);
                                        }
                                        ]]>
                                        </code>
                                    </Row>
                                </Rows>
                            </ConfigurationTable>
                        </ConfigurationTables>
                    </ServiceImplementation>
                    <ServiceImplementation
                     description=""
                     handlerName="Script"
                     name="SetTextBoxValues">
                        <ConfigurationTables>
                            <ConfigurationTable
                             dataShapeName=""
                             description=""
                             isMultiRow="false"
                             name="Script"
                             ordinal="0">
                                <DataShape>
                                    <FieldDefinitions>
                                        <FieldDefinition
                                         baseType="STRING"
                                         description="code"
                                         name="code"
                                         ordinal="0"></FieldDefinition>
                                    </FieldDefinitions>
                                </DataShape>
                                <Rows>
                                    <Row>
                                        <code>
                                        <![CDATA[
                                        var result = '';
                                        ]]>
                                        </code>
                                    </Row>
                                </Rows>
                            </ConfigurationTable>
                        </ConfigurationTables>
                    </ServiceImplementation>
                    <ServiceImplementation
                     description=""
                     handlerName="Script"
                     name="Testing">
                        <ConfigurationTables>
                            <ConfigurationTable
                             dataShapeName=""
                             description=""
                             isMultiRow="false"
                             name="Script"
                             ordinal="0">
                                <DataShape>
                                    <FieldDefinitions>
                                        <FieldDefinition
                                         baseType="STRING"
                                         description="code"
                                         name="code"
                                         ordinal="0"></FieldDefinition>
                                    </FieldDefinitions>
                                </DataShape>
                                <Rows>
                                    <Row>
                                        <code>
                                        <![CDATA[
                                        var propertyValuesAsMultiRowTable = Things[IndustrialThing].GetPropertyValuesAsMultiRowTable();
                                        for (var i = 0; i < propertyValuesAsMultiRowTable.rows.length; i++) {
                                        	var propertyName = propertyValuesAsMultiRowTable.rows[i].name;
                                        	if (propertyName.indexOf(Machine) != -1) {
                                        		var data = Things[IndustrialThing].GetPropertyDefinition({
                                        			name: propertyName /* STRING */
                                        		});
                                        		var propertyType = data.rows[0].baseType;
                                        
                                        		Things[PLCStationName].AddPropertyDefinition({
                                        			indexed: false /* BOOLEAN {"defaultValue":false} */ ,
                                        			defaultValue: undefined /* STRING */ ,
                                        			remoteBindingAspects: {} /* JSON */ ,
                                        			description: '' /* STRING {"defaultValue":""} */ ,
                                        			readOnly: true /* BOOLEAN {"defaultValue":false} */ ,
                                        			type: propertyType /* BASETYPENAME */ ,
                                        			remote: false /* BOOLEAN {"defaultValue":false} */ ,
                                        			remotePropertyName: undefined /* STRING */ ,
                                        			timeout: undefined /* INTEGER {"defaultValue":0} */ ,
                                        			pushType: undefined /* STRING */ ,
                                        			dataChangeThreshold: undefined /* NUMBER */ ,
                                        			logged: false /* BOOLEAN {"defaultValue":false} */ ,
                                        			name: propertyName /* STRING */ ,
                                        			pushThreshold: undefined /* NUMBER */ ,
                                        			dataChangeType: 'VALUE' /* STRING */ ,
                                        			category: undefined /* STRING */ ,
                                        			persistent: false /* BOOLEAN {"defaultValue":false} */ ,
                                        			dataShape: '' /* DATASHAPENAME */
                                        		});
                                        
                                        		Things[PLCStationName].SetLocalPropertyBinding({
                                        			propertyName: propertyName /* STRING */ ,
                                        			aspects: undefined /* JSON */ ,
                                        			sourceThingName: IndustrialThing /* STRING */ ,
                                        			sourcePropertyName: propertyName /* STRING */
                                        		});
                                        	}
                                        }
                                        ]]>
                                        </code>
                                    </Row>
                                </Rows>
                            </ConfigurationTable>
                        </ConfigurationTables>
                    </ServiceImplementation>
                    <ServiceImplementation
                     description=""
                     handlerName="Script"
                     name="Testing1">
                        <ConfigurationTables>
                            <ConfigurationTable
                             dataShapeName=""
                             description=""
                             isMultiRow="false"
                             name="Script"
                             ordinal="0">
                                <DataShape>
                                    <FieldDefinitions>
                                        <FieldDefinition
                                         baseType="STRING"
                                         description="code"
                                         name="code"
                                         ordinal="0"></FieldDefinition>
                                    </FieldDefinitions>
                                </DataShape>
                                <Rows>
                                    <Row>
                                        <code>
                                        <![CDATA[
                                        //var string1 = 'be1990_heller_1990_M0_M1';
                                        //var string1 = 'Heller1_400976_400976-Heller1_FEED_OVERRIDE';
                                        //var first = string1.indexOf("_");
                                        //var second = string1.indexOf("_", first + 1);
                                        //var third = string1.indexOf("_", second + 1);
                                        //var result = (string1.substring(third+1));
                                        //
                                        var string1 = 'Traub_11939_Traub_11939_CYCLE_END';
                                        //first = string1.lastIndexOf('Traub_11939_Traub_11939_');
                                        var result = string1.split(propertyName)[1];
                                        //var result = (string1.substring(first + 1));
                                        ]]>
                                        </code>
                                    </Row>
                                </Rows>
                            </ConfigurationTable>
                        </ConfigurationTables>
                    </ServiceImplementation>
                </ServiceImplementations>
                <Subscriptions></Subscriptions>
            </ThingShape>
            <PropertyBindings></PropertyBindings>
            <RemotePropertyBindings></RemotePropertyBindings>
            <RemoteServiceBindings></RemoteServiceBindings>
            <RemoteEventBindings></RemoteEventBindings>
            <AlertConfigurations></AlertConfigurations>
            <ImplementedShapes></ImplementedShapes>
            <ThingProperties></ThingProperties>
        </Thing>
    </Things>
</Entities>
