<?xml version="1.0" encoding="UTF-8"?>
<Entities
 majorVersion="9"
 minorVersion="3"
 universal="password">
    <Things>
        <Thing
         aspect.isExtension="true"
         description=""
         documentationContent=""
         effectiveThingPackage="ConfiguredThing"
         enabled="true"
         homeMashup=""
         identifier=""
         inheritedValueStream=""
         name="KBLoginAuditHelperThing"
         projectName="KBAdministration"
         published="false"
         tags=""
         thingTemplate="GenericThing"
         valueStream="">
            <avatar></avatar>
            <DesignTimePermissions>
                <Create></Create>
                <Read></Read>
                <Update></Update>
                <Delete></Delete>
                <Metadata></Metadata>
            </DesignTimePermissions>
            <RunTimePermissions></RunTimePermissions>
            <VisibilityPermissions>
                <Visibility></Visibility>
            </VisibilityPermissions>
            <ConfigurationTableDefinitions></ConfigurationTableDefinitions>
            <ConfigurationTables></ConfigurationTables>
            <ThingShape>
                <PropertyDefinitions></PropertyDefinitions>
                <ServiceDefinitions>
                    <ServiceDefinition
                     aspect.isAsync="false"
                     category=""
                     description=""
                     isAllowOverride="false"
                     isLocalOnly="false"
                     isOpen="false"
                     isPrivate="false"
                     name="SetNumberOfUniqueLoginPerWeek">
                        <ResultType
                         baseType="NOTHING"
                         description=""
                         name="result"
                         ordinal="0"></ResultType>
                        <ParameterDefinitions></ParameterDefinitions>
                    </ServiceDefinition>
                    <ServiceDefinition
                     aspect.isAsync="false"
                     category=""
                     description=""
                     isAllowOverride="false"
                     isLocalOnly="false"
                     isOpen="false"
                     isPrivate="false"
                     name="SetNumberOfUniqueLoginWithoutAdmPerWeek">
                        <ResultType
                         baseType="NOTHING"
                         description=""
                         name="result"
                         ordinal="0"></ResultType>
                        <ParameterDefinitions></ParameterDefinitions>
                    </ServiceDefinition>
                </ServiceDefinitions>
                <EventDefinitions></EventDefinitions>
                <ServiceMappings></ServiceMappings>
                <ServiceImplementations>
                    <ServiceImplementation
                     description=""
                     handlerName="Script"
                     name="SetNumberOfUniqueLoginPerWeek">
                        <ConfigurationTables>
                            <ConfigurationTable
                             dataShapeName=""
                             description=""
                             isMultiRow="false"
                             name="Script"
                             ordinal="0">
                                <DataShape>
                                    <FieldDefinitions>
                                        <FieldDefinition
                                         baseType="STRING"
                                         description="code"
                                         name="code"
                                         ordinal="0"></FieldDefinition>
                                    </FieldDefinitions>
                                </DataShape>
                                <Rows>
                                    <Row>
                                        <code>
                                        <![CDATA[
                                        data = Things["KBInternalThingworxDatabase"].NumberofUniqueLoginsPerWeek({
                                        	WeekStartDate: Things["KBTimeHelperThing"].GetCurrentWeekStart(),
                                        	WeekEndDate: Things["KBTimeHelperThing"].GetCurrentWeekEnd({
                                        	FullTimeSlot: undefined /* BOOLEAN {"defaultValue":false} */
                                            })
                                         });
                                        
                                        logger.warn("Data retrieved: " + data.rows.length + " rows");
                                        
                                        var params = {
                                        	infoTableName : "InfoTable",
                                        	dataShapeName : "KBLocalStationDataReceiverMachineDataShape"
                                        };
                                        
                                        // CreateInfoTableFromDataShape(infoTableName:STRING("InfoTable"), dataShapeName:STRING):INFOTABLE(KBLocalStationDataReceiverMachineDataShape)
                                        var machineDataInfoTable = Resources["InfoTableFunctions"].CreateInfoTableFromDataShape(params);
                                        if(data.rows.length){
                                        	data.rows.toArray().forEach(row => {
                                                var newEntry = new Object();
                                                newEntry.Line = me.name; // STRING - isPrimaryKey = true 
                                                newEntry.Station = me.name; // STRING - isPrimaryKey = true 
                                                newEntry.Type = "Basic Login Audit"; // STRING - isPrimaryKey = true 
                                                newEntry.Description = "count of unique logins per calendar week"; // STRING 
                                                newEntry.Identifier = "Unique Logins"; // STRING 
                                                newEntry.Value = row['Unique Logins']; // STRING
                                                newEntry.LowerLimit = undefined; // STRING 
                                                newEntry.ShortName = "LoginAudit"; // STRING - isPrimaryKey = true
                                                newEntry.Unit = undefined; // STRING
                                                newEntry.UpperLimit = undefined; // STRING
                                                newEntry.DateTime = new Date(); // DATETIME - isPrimaryKey = true
                                                machineDataInfoTable.AddRow(newEntry);
                                        
                                        });
                                        }
                                        
                                        
                                        logger.warn('machineDataInfoTable: ' + machineDataInfoTable.rows.length);
                                        var paramsL = {
                                        	machineDataInfoTable: machineDataInfoTable /* INFOTABLE */
                                        };
                                        
                                        me.SetMachineDataToDB(paramsL);
                                        ]]>
                                        </code>
                                    </Row>
                                </Rows>
                            </ConfigurationTable>
                        </ConfigurationTables>
                    </ServiceImplementation>
                    <ServiceImplementation
                     description=""
                     handlerName="Script"
                     name="SetNumberOfUniqueLoginWithoutAdmPerWeek">
                        <ConfigurationTables>
                            <ConfigurationTable
                             dataShapeName=""
                             description=""
                             isMultiRow="false"
                             name="Script"
                             ordinal="0">
                                <DataShape>
                                    <FieldDefinitions>
                                        <FieldDefinition
                                         baseType="STRING"
                                         description="code"
                                         name="code"
                                         ordinal="0"></FieldDefinition>
                                    </FieldDefinitions>
                                </DataShape>
                                <Rows>
                                    <Row>
                                        <code>
                                        <![CDATA[
                                        data = Things["KBInternalThingworxDatabase"].NumberofUniqueLoginsWithouAdmAccountsPerWeek({
                                        	WeekStartDate: Things["KBTimeHelperThing"].GetCurrentWeekStart(),
                                        	WeekEndDate: Things["KBTimeHelperThing"].GetCurrentWeekEnd({
                                        	FullTimeSlot: undefined /* BOOLEAN {"defaultValue":false} */
                                            })
                                         });
                                        
                                        logger.warn("Data retrieved: " + data.rows.length + " rows");
                                        
                                        var params = {
                                        	infoTableName : "InfoTable",
                                        	dataShapeName : "KBLocalStationDataReceiverMachineDataShape"
                                        };
                                        
                                        // CreateInfoTableFromDataShape(infoTableName:STRING("InfoTable"), dataShapeName:STRING):INFOTABLE(KBLocalStationDataReceiverMachineDataShape)
                                        var machineDataInfoTable = Resources["InfoTableFunctions"].CreateInfoTableFromDataShape(params);
                                        if(data.rows.length){
                                        	data.rows.toArray().forEach(row => {
                                                var newEntry = new Object();
                                                newEntry.Line = me.name; // STRING - isPrimaryKey = true 
                                                newEntry.Station = me.name; // STRING - isPrimaryKey = true 
                                                newEntry.Type = "Basic Login Audit"; // STRING - isPrimaryKey = true 
                                                newEntry.Description = "count of unique logins without ADM accounts per calendar week"; // STRING 
                                                newEntry.Identifier = "Unique Logins without ADM"; // STRING 
                                                newEntry.Value = row['Unique Logins without ADM']; // STRING
                                                newEntry.LowerLimit = undefined; // STRING 
                                                newEntry.ShortName = "LoginAudit"; // STRING - isPrimaryKey = true
                                                newEntry.Unit = undefined; // STRING
                                                newEntry.UpperLimit = undefined; // STRING
                                                newEntry.DateTime = new Date(); // DATETIME - isPrimaryKey = true
                                                machineDataInfoTable.AddRow(newEntry);
                                        
                                        });
                                        }
                                        
                                        
                                        logger.warn('machineDataInfoTable: ' + machineDataInfoTable.rows.length);
                                        var paramsL = {
                                        	machineDataInfoTable: machineDataInfoTable /* INFOTABLE */
                                        };
                                        
                                        me.SetMachineDataToDB(paramsL);
                                        ]]>
                                        </code>
                                    </Row>
                                </Rows>
                            </ConfigurationTable>
                        </ConfigurationTables>
                    </ServiceImplementation>
                </ServiceImplementations>
                <Subscriptions></Subscriptions>
            </ThingShape>
            <PropertyBindings></PropertyBindings>
            <RemotePropertyBindings></RemotePropertyBindings>
            <RemoteServiceBindings></RemoteServiceBindings>
            <RemoteEventBindings></RemoteEventBindings>
            <AlertConfigurations></AlertConfigurations>
            <ImplementedShapes>
                <ImplementedShape
                 name="KBLocalStationDataReceiverThingShape"
                 type="ThingShape"></ImplementedShape>
            </ImplementedShapes>
            <ThingProperties>
                <IsCloudDestinationDefault>
                    <Value>false</Value>
                    <Timestamp>1970-01-01T00:00:00.000Z</Timestamp>
                    <Quality>UNKNOWN</Quality>
                </IsCloudDestinationDefault>
                <MachineEvent>
                    <Value>
                        <infoTable>
                            <DataShape>
                                <FieldDefinitions>
                                    <FieldDefinition
                                     aspect.isPrimaryKey="true"
                                     baseType="DATETIME"
                                     description=""
                                     name="DateTime"
                                     ordinal="0"></FieldDefinition>
                                    <FieldDefinition
                                     baseType="STRING"
                                     description=""
                                     name="Description"
                                     ordinal="0"></FieldDefinition>
                                    <FieldDefinition
                                     baseType="STRING"
                                     description=""
                                     name="Identifier"
                                     ordinal="0"></FieldDefinition>
                                    <FieldDefinition
                                     aspect.isPrimaryKey="true"
                                     baseType="STRING"
                                     description=""
                                     name="Line"
                                     ordinal="0"></FieldDefinition>
                                    <FieldDefinition
                                     aspect.isPrimaryKey="true"
                                     baseType="STRING"
                                     description=""
                                     name="ShortName"
                                     ordinal="0"></FieldDefinition>
                                    <FieldDefinition
                                     aspect.isPrimaryKey="true"
                                     baseType="STRING"
                                     description=""
                                     name="Station"
                                     ordinal="0"></FieldDefinition>
                                    <FieldDefinition
                                     aspect.isPrimaryKey="true"
                                     baseType="STRING"
                                     description=""
                                     name="Type"
                                     ordinal="0"></FieldDefinition>
                                </FieldDefinitions>
                            </DataShape>
                            <Rows></Rows>
                        </infoTable>
                    </Value>
                    <Timestamp>2024-09-20T00:29:30.071Z</Timestamp>
                    <Quality>GOOD</Quality>
                </MachineEvent>
                <LastOrderNumber>
                    <Value></Value>
                    <Timestamp>2024-09-20T00:29:30.071Z</Timestamp>
                    <Quality>GOOD</Quality>
                </LastOrderNumber>
                <MachineStateDate>
                    <Value>1970-01-01T00:00:00.000Z</Value>
                    <Timestamp>2024-09-20T00:29:30.071Z</Timestamp>
                    <Quality>GOOD</Quality>
                </MachineStateDate>
                <MachineData>
                    <Value>
                        <infoTable>
                            <DataShape>
                                <FieldDefinitions>
                                    <FieldDefinition
                                     aspect.isPrimaryKey="true"
                                     baseType="DATETIME"
                                     description=""
                                     name="DateTime"
                                     ordinal="0"></FieldDefinition>
                                    <FieldDefinition
                                     baseType="STRING"
                                     description=""
                                     name="Description"
                                     ordinal="0"></FieldDefinition>
                                    <FieldDefinition
                                     baseType="STRING"
                                     description=""
                                     name="Identifier"
                                     ordinal="0"></FieldDefinition>
                                    <FieldDefinition
                                     aspect.isPrimaryKey="true"
                                     baseType="STRING"
                                     description=""
                                     name="Line"
                                     ordinal="0"></FieldDefinition>
                                    <FieldDefinition
                                     baseType="STRING"
                                     description=""
                                     name="LowerLimit"
                                     ordinal="0"></FieldDefinition>
                                    <FieldDefinition
                                     aspect.isPrimaryKey="true"
                                     baseType="STRING"
                                     description=""
                                     name="ShortName"
                                     ordinal="0"></FieldDefinition>
                                    <FieldDefinition
                                     aspect.isPrimaryKey="true"
                                     baseType="STRING"
                                     description=""
                                     name="Station"
                                     ordinal="0"></FieldDefinition>
                                    <FieldDefinition
                                     aspect.isPrimaryKey="true"
                                     baseType="STRING"
                                     description=""
                                     name="Type"
                                     ordinal="0"></FieldDefinition>
                                    <FieldDefinition
                                     baseType="STRING"
                                     description=""
                                     name="Unit"
                                     ordinal="0"></FieldDefinition>
                                    <FieldDefinition
                                     baseType="STRING"
                                     description=""
                                     name="UpperLimit"
                                     ordinal="0"></FieldDefinition>
                                    <FieldDefinition
                                     baseType="STRING"
                                     description=""
                                     name="Value"
                                     ordinal="0"></FieldDefinition>
                                </FieldDefinitions>
                            </DataShape>
                            <Rows>
                                <Row>
                                    <DateTime>2024-09-03T09:12:18.916Z</DateTime>
                                    <Description>
                                    <![CDATA[
                                    count of unique logins per calendar week
                                    ]]>
                                    </Description>
                                    <Identifier>
                                    <![CDATA[
                                    Unique Logins without ADM
                                    ]]>
                                    </Identifier>
                                    <Line>
                                    <![CDATA[
                                    KBLoginAuditHelperThing
                                    ]]>
                                    </Line>
                                    <ShortName>
                                    <![CDATA[
                                    LoginAudit
                                    ]]>
                                    </ShortName>
                                    <Station>
                                    <![CDATA[
                                    KBLoginAuditHelperThing
                                    ]]>
                                    </Station>
                                    <Type>
                                    <![CDATA[
                                    Basic Login Audit
                                    ]]>
                                    </Type>
                                    <Value>
                                    <![CDATA[
                                    1
                                    ]]>
                                    </Value>
                                </Row>
                            </Rows>
                        </infoTable>
                    </Value>
                    <Timestamp>2024-09-03T09:12:19.029Z</Timestamp>
                    <Quality>GOOD</Quality>
                </MachineData>
                <LastPartNumber>
                    <Value></Value>
                    <Timestamp>2024-09-20T00:29:30.071Z</Timestamp>
                    <Quality>GOOD</Quality>
                </LastPartNumber>
                <StationInMaintenanceStatus>
                    <Value>false</Value>
                    <Timestamp>2024-09-20T00:29:30.071Z</Timestamp>
                    <Quality>GOOD</Quality>
                </StationInMaintenanceStatus>
                <BypassStateDataBuffer>
                    <Value>false</Value>
                    <Timestamp>1970-01-01T00:00:00.000Z</Timestamp>
                    <Quality>UNKNOWN</Quality>
                </BypassStateDataBuffer>
                <isBlockingInputMaskWithPMMT>
                    <Value>false</Value>
                    <Timestamp>1970-01-01T00:00:00.000Z</Timestamp>
                    <Quality>UNKNOWN</Quality>
                </isBlockingInputMaskWithPMMT>
                <OEEOIMashupName>
                    <Value></Value>
                    <Timestamp>2024-09-20T00:29:30.071Z</Timestamp>
                    <Quality>GOOD</Quality>
                </OEEOIMashupName>
                <MachineState>
                    <Value></Value>
                    <Timestamp>2024-09-20T00:29:30.071Z</Timestamp>
                    <Quality>GOOD</Quality>
                </MachineState>
                <CurrentOperationNumber>
                    <Value></Value>
                    <Timestamp>2024-09-20T00:29:30.071Z</Timestamp>
                    <Quality>GOOD</Quality>
                </CurrentOperationNumber>
                <QuickButtonsInfotable>
                    <Value>
                        <infoTable>
                            <DataShape>
                                <FieldDefinitions>
                                    <FieldDefinition
                                     aspect.isPrimaryKey="false"
                                     baseType="STRING"
                                     description=""
                                     name="Category"
                                     ordinal="0"></FieldDefinition>
                                    <FieldDefinition
                                     aspect.isPrimaryKey="false"
                                     baseType="STRING"
                                     description=""
                                     name="InternalText"
                                     ordinal="0"></FieldDefinition>
                                    <FieldDefinition
                                     aspect.isPrimaryKey="false"
                                     baseType="STRING"
                                     description=""
                                     name="Label"
                                     ordinal="0"></FieldDefinition>
                                    <FieldDefinition
                                     aspect.isPrimaryKey="false"
                                     baseType="STRING"
                                     description=""
                                     name="Recipient"
                                     ordinal="0"></FieldDefinition>
                                    <FieldDefinition
                                     aspect.isPrimaryKey="false"
                                     baseType="NUMBER"
                                     description=""
                                     name="SortIndex"
                                     ordinal="0"></FieldDefinition>
                                </FieldDefinitions>
                            </DataShape>
                            <Rows></Rows>
                        </infoTable>
                    </Value>
                    <Timestamp>2024-09-20T00:29:30.071Z</Timestamp>
                    <Quality>GOOD</Quality>
                </QuickButtonsInfotable>
                <IsCloudDestinationDefaultStatusData>
                    <Value>false</Value>
                    <Timestamp>1970-01-01T00:00:00.000Z</Timestamp>
                    <Quality>UNKNOWN</Quality>
                </IsCloudDestinationDefaultStatusData>
                <IsCloudDestinationDefaultPartData>
                    <Value>false</Value>
                    <Timestamp>1970-01-01T00:00:00.000Z</Timestamp>
                    <Quality>UNKNOWN</Quality>
                </IsCloudDestinationDefaultPartData>
                <IsOEEUsed>
                    <Value>false</Value>
                    <Timestamp>2024-09-20T00:29:30.071Z</Timestamp>
                    <Quality>GOOD</Quality>
                </IsOEEUsed>
                <KBLocalLineThing>
                    <Value></Value>
                    <Timestamp>2024-09-20T00:29:30.071Z</Timestamp>
                    <Quality>GOOD</Quality>
                </KBLocalLineThing>
                <BypassPartDataBuffer>
                    <Value>false</Value>
                    <Timestamp>1970-01-01T00:00:00.000Z</Timestamp>
                    <Quality>UNKNOWN</Quality>
                </BypassPartDataBuffer>
                <StartSAPPMNotification>
                    <Value>false</Value>
                    <Timestamp>2024-09-20T00:29:30.071Z</Timestamp>
                    <Quality>GOOD</Quality>
                </StartSAPPMNotification>
                <BypassMachineDataBuffer>
                    <Value>false</Value>
                    <Timestamp>1970-01-01T00:00:00.000Z</Timestamp>
                    <Quality>UNKNOWN</Quality>
                </BypassMachineDataBuffer>
                <IsCloudDestinationDefaultMachineData>
                    <Value>false</Value>
                    <Timestamp>1970-01-01T00:00:00.000Z</Timestamp>
                    <Quality>UNKNOWN</Quality>
                </IsCloudDestinationDefaultMachineData>
                <MachineStateLevel2>
                    <Value></Value>
                    <Timestamp>2024-09-20T00:29:30.071Z</Timestamp>
                    <Quality>GOOD</Quality>
                </MachineStateLevel2>
                <CurrentPartNumber>
                    <Value></Value>
                    <Timestamp>2024-09-20T00:29:30.071Z</Timestamp>
                    <Quality>GOOD</Quality>
                </CurrentPartNumber>
                <BypassGenericTestBenchDataBuffer>
                    <Value>false</Value>
                    <Timestamp>1970-01-01T00:00:00.000Z</Timestamp>
                    <Quality>UNKNOWN</Quality>
                </BypassGenericTestBenchDataBuffer>
                <IsMTOnsite>
                    <Value>false</Value>
                    <Timestamp>1970-01-01T00:00:00.000Z</Timestamp>
                    <Quality>UNKNOWN</Quality>
                </IsMTOnsite>
                <Line>
                    <Value>
                    <![CDATA[
                    KBLoginAuditHelperThing
                    ]]>
                    </Value>
                    <Timestamp>2024-09-22T23:55:11.001Z</Timestamp>
                    <Quality>GOOD</Quality>
                </Line>
                <Station>
                    <Value>
                    <![CDATA[
                    KBLoginAuditHelperThing
                    ]]>
                    </Value>
                    <Timestamp>2024-09-22T23:55:11.001Z</Timestamp>
                    <Quality>GOOD</Quality>
                </Station>
                <IsCloudDestinationDefaultTestBenchData>
                    <Value>false</Value>
                    <Timestamp>1970-01-01T00:00:00.000Z</Timestamp>
                    <Quality>UNKNOWN</Quality>
                </IsCloudDestinationDefaultTestBenchData>
                <OEEOIGroupingName>
                    <Value></Value>
                    <Timestamp>2024-09-20T00:29:30.071Z</Timestamp>
                    <Quality>GOOD</Quality>
                </OEEOIGroupingName>
                <IsCloudDestinationDefaultMachineStringData>
                    <Value>false</Value>
                    <Timestamp>1970-01-01T00:00:00.000Z</Timestamp>
                    <Quality>UNKNOWN</Quality>
                </IsCloudDestinationDefaultMachineStringData>
                <CurrentOrderNumber>
                    <Value></Value>
                    <Timestamp>2024-09-20T00:29:30.071Z</Timestamp>
                    <Quality>GOOD</Quality>
                </CurrentOrderNumber>
                <IsCloudDestinationDefaultCVSAdgTestBenchData>
                    <Value>true</Value>
                    <Timestamp>1970-01-01T00:00:00.000Z</Timestamp>
                    <Quality>UNKNOWN</Quality>
                </IsCloudDestinationDefaultCVSAdgTestBenchData>
                <BypassMessageDataBuffer>
                    <Value>false</Value>
                    <Timestamp>1970-01-01T00:00:00.000Z</Timestamp>
                    <Quality>UNKNOWN</Quality>
                </BypassMessageDataBuffer>
                <IsCloudDestinationDefaultMessageData>
                    <Value>false</Value>
                    <Timestamp>1970-01-01T00:00:00.000Z</Timestamp>
                    <Quality>UNKNOWN</Quality>
                </IsCloudDestinationDefaultMessageData>
            </ThingProperties>
        </Thing>
    </Things>
</Entities>
