<?xml version="1.0" encoding="UTF-8"?>
<Entities
 majorVersion="9"
 minorVersion="3"
 universal="password">
    <Things>
        <Thing
         description=""
         documentationContent=""
         effectiveThingPackage="SchedulerThing"
         enabled="true"
         homeMashup=""
         identifier=""
         inheritedValueStream=""
         name="KBLoginAuditScheduler"
         projectName="KBAdministration"
         published="false"
         tags=""
         thingTemplate="Scheduler"
         valueStream="">
            <avatar></avatar>
            <DesignTimePermissions>
                <Create></Create>
                <Read></Read>
                <Update></Update>
                <Delete></Delete>
                <Metadata></Metadata>
            </DesignTimePermissions>
            <RunTimePermissions></RunTimePermissions>
            <VisibilityPermissions>
                <Visibility></Visibility>
            </VisibilityPermissions>
            <ConfigurationTableDefinitions></ConfigurationTableDefinitions>
            <ConfigurationTables>
                <ConfigurationTable
                 dataShapeName=""
                 description="General Settings"
                 isHidden="true"
                 isMultiRow="false"
                 name="Settings"
                 ordinal="0">
                    <DataShape>
                        <FieldDefinitions>
                            <FieldDefinition
                             aspect.defaultValue="true"
                             baseType="BOOLEAN"
                             description="Automatically enable scheduler on startup"
                             name="enabled"
                             ordinal="0"></FieldDefinition>
                            <FieldDefinition
                             baseType="USERNAME"
                             description="User context in which to run event handlers"
                             name="runAsUser"
                             ordinal="0"></FieldDefinition>
                            <FieldDefinition
                             aspect.defaultValue="0 0/1 * * * ?"
                             baseType="SCHEDULE"
                             description="Execution Schedule (Cron String)"
                             name="schedule"
                             ordinal="0"></FieldDefinition>
                        </FieldDefinitions>
                    </DataShape>
                    <Rows>
                        <Row>
                            <enabled>true</enabled>
                            <runAsUser>
                            <![CDATA[
                            Administrator
                            ]]>
                            </runAsUser>
                            <schedule>
                            <![CDATA[
                            0 55 23 ? * SUN *
                            ]]>
                            </schedule>
                        </Row>
                    </Rows>
                </ConfigurationTable>
            </ConfigurationTables>
            <ThingShape>
                <PropertyDefinitions></PropertyDefinitions>
                <ServiceDefinitions>
                    <ServiceDefinition
                     aspect.isAsync="false"
                     category=""
                     description=""
                     isAllowOverride="false"
                     isLocalOnly="false"
                     isOpen="false"
                     isPrivate="false"
                     name="SetSchedulerExecutionTime">
                        <ResultType
                         baseType="NOTHING"
                         description=""
                         name="result"
                         ordinal="0"></ResultType>
                        <ParameterDefinitions></ParameterDefinitions>
                    </ServiceDefinition>
                </ServiceDefinitions>
                <EventDefinitions></EventDefinitions>
                <ServiceMappings></ServiceMappings>
                <ServiceImplementations>
                    <ServiceImplementation
                     description=""
                     handlerName="Script"
                     name="SetSchedulerExecutionTime">
                        <ConfigurationTables>
                            <ConfigurationTable
                             dataShapeName=""
                             description=""
                             isMultiRow="false"
                             name="Script"
                             ordinal="0">
                                <DataShape>
                                    <FieldDefinitions>
                                        <FieldDefinition
                                         baseType="STRING"
                                         description="code"
                                         name="code"
                                         ordinal="0"></FieldDefinition>
                                    </FieldDefinitions>
                                </DataShape>
                                <Rows>
                                    <Row>
                                        <code>
                                        <![CDATA[
                                        const hours = "23";
                                        const minutes = "55";
                                        
                                        var sch = Things["KBLoginAuditScheduler"];
                                        
                                        var params = {
                                        
                                          tableName: "Settings" /* STRING */
                                        
                                        };
                                        
                                        var ext = sch.GetConfigurationTable(params);
                                        var x = ext.getRow(0);
                                        
                                        logger.debug("cron::"+"0 " + minutes + " " + hours + " ? * SUN *");
                                        
                                        x.SetStringValue("schedule", "0 " + minutes + " " + hours + " ? * SUN *");
                                        
                                        x.SetBooleanValue("enabled", true);
                                        
                                        x.SetStringValue("runAsUser", "Administrator");
                                        
                                        var paramsSet = {
                                        
                                          configurationTable: ext /* INFOTABLE */,
                                        
                                          persistent: true /* BOOLEAN */,
                                        
                                          tableName: "Settings" /* STRING */
                                        
                                        };
                                        
                                        sch.SetConfigurationTable(paramsSet);
                                        ]]>
                                        </code>
                                    </Row>
                                </Rows>
                            </ConfigurationTable>
                        </ConfigurationTables>
                    </ServiceImplementation>
                </ServiceImplementations>
                <Subscriptions>
                    <Subscription
                     description=""
                     enabled="true"
                     eventName="ScheduledEvent"
                     name="LoginAudit"
                     source=""
                     sourceProperty=""
                     sourceType="Thing">
                        <ServiceImplementation
                         description=""
                         handlerName="Script"
                         name="LoginAudit">
                            <ConfigurationTables>
                                <ConfigurationTable
                                 dataShapeName=""
                                 description=""
                                 isMultiRow="false"
                                 name="Script"
                                 ordinal="0">
                                    <DataShape>
                                        <FieldDefinitions>
                                            <FieldDefinition
                                             baseType="STRING"
                                             description="code"
                                             name="code"
                                             ordinal="0"></FieldDefinition>
                                        </FieldDefinitions>
                                    </DataShape>
                                    <Rows>
                                        <Row>
                                            <code>
                                            <![CDATA[
                                            Things["KBLoginAuditHelperThing"].SetNumberOfUniqueLoginPerWeek();
                                            Things["KBLoginAuditHelperThing"].SetNumberOfUniqueLoginWithoutAdmPerWeek();
                                            ]]>
                                            </code>
                                        </Row>
                                    </Rows>
                                </ConfigurationTable>
                            </ConfigurationTables>
                        </ServiceImplementation>
                    </Subscription>
                    <Subscription
                     description=""
                     enabled="true"
                     eventName="ThingStart"
                     name="StartupTime"
                     source=""
                     sourceProperty=""
                     sourceType="Thing">
                        <ServiceImplementation
                         description=""
                         handlerName="Script"
                         name="StartupTime">
                            <ConfigurationTables>
                                <ConfigurationTable
                                 dataShapeName=""
                                 description=""
                                 isMultiRow="false"
                                 name="Script"
                                 ordinal="0">
                                    <DataShape>
                                        <FieldDefinitions>
                                            <FieldDefinition
                                             baseType="STRING"
                                             description="code"
                                             name="code"
                                             ordinal="0"></FieldDefinition>
                                        </FieldDefinitions>
                                    </DataShape>
                                    <Rows>
                                        <Row>
                                            <code>
                                            <![CDATA[
                                            me.SetSchedulerExecutionTime();
                                            ]]>
                                            </code>
                                        </Row>
                                    </Rows>
                                </ConfigurationTable>
                            </ConfigurationTables>
                        </ServiceImplementation>
                    </Subscription>
                </Subscriptions>
            </ThingShape>
            <PropertyBindings></PropertyBindings>
            <RemotePropertyBindings></RemotePropertyBindings>
            <RemoteServiceBindings></RemoteServiceBindings>
            <RemoteEventBindings></RemoteEventBindings>
            <AlertConfigurations></AlertConfigurations>
            <ImplementedShapes></ImplementedShapes>
            <ThingProperties></ThingProperties>
        </Thing>
    </Things>
</Entities>
