<?xml version="1.0" encoding="UTF-8"?>
<Entities
 build="b706"
 majorVersion="9"
 minorVersion="0"
 modelPersistenceProviderPackage="MssqlPersistenceProviderPackage"
 revision="12"
 schemaVersion="1109"
 universal="password">
    <Projects>
        <Project
         artifactId=""
         dependsOn="{&quot;extensions&quot;:&quot;&quot;,&quot;projects&quot;:&quot;&quot;}"
         description=""
         documentationContent=""
         groupId=""
         homeMashup=""
         lastModifiedDate="2023-02-16T18:42:52.679Z"
         minPlatformVersion=""
         name="KBAdministration"
         packageVersion="1.0.0"
         projectName="KBAdministration"
         publishResult=""
         state="DRAFT"
         tags="">
            <avatar></avatar>
            <DesignTimePermissions>
                <Create></Create>
                <Read></Read>
                <Update></Update>
                <Delete></Delete>
                <Metadata></Metadata>
            </DesignTimePermissions>
            <RunTimePermissions></RunTimePermissions>
            <VisibilityPermissions>
                <Visibility></Visibility>
            </VisibilityPermissions>
            <ConfigurationTableDefinitions></ConfigurationTableDefinitions>
            <ConfigurationTables></ConfigurationTables>
        </Project>
    </Projects>
</Entities>
