<?xml version="1.0" encoding="UTF-8" standalone="no"?>
<Entities build="b71"
          majorVersion="7"
          minorVersion="2"
          modelPersistenceProviderPackage="PostgresPersistenceProviderPackage"
          revision="1"
          schemaVersion="920">
	<Things>
		<Thing description="Simple audit logging for login actions against a ThingWorx server.  &#10;&#10;Creates a new stream entry for each User / Password login attempt to a ThingWorx server, reporting if the action succeeded or failed. &#10;&#10;Logouts are also tracked, but only those actions that are explicitly performed by the user; a session timeout will not trigger a Logout event.&#10;"
		       documentationContent="&lt;p&gt;&lt;br&gt;&lt;/p&gt;&#10;"
		       effectiveThingPackage="StreamThing"
		       enabled="true"
		       homeMashup=""
		       identifier=""
		       lastModifiedDate="2017-07-10T12:54:51.443-04:00"
		       name="LoginAuditLog"
		       projectName="KBAdministration"
		       published="false"
		       tags=""
		       thingTemplate="Stream"
		       valueStream="">
			<Owner name="Administrator"
			       type="User"/>
			<avatar/>
			<DesignTimePermissions>
				<Create/>
				<Read/>
				<Update/>
				<Delete/>
				<Metadata/>
			</DesignTimePermissions>
			<RunTimePermissions/>
			<VisibilityPermissions>
				<Visibility/>
			</VisibilityPermissions>
			<ConfigurationTables>
				<ConfigurationTable description="Data Thing Configuration"
				                    isMultiRow="false"
				                    name="DataThingSettings"
				                    ordinal="0">
					<DataShape>
						<FieldDefinitions>
							<FieldDefinition baseType="STRING"
							                 description="Persistence Provider Name"
							                 name="persistenceProvider"
							                 ordinal="0"/>
						</FieldDefinitions>
					</DataShape>
					<Rows>
						<Row>
							<persistenceProvider><![CDATA[ThingworxPersistenceProvider]]></persistenceProvider>
						</Row>
					</Rows>
				</ConfigurationTable>
				<ConfigurationTable description="Configurable options to tune Stream performance"
				                    isMultiRow="false"
				                    name="PersistenceProviderCustomSettings"
				                    ordinal="2">
					<DataShape>
						<FieldDefinitions>
							<FieldDefinition aspect.friendlyName="Persistence Provider Custom Settings Table"
							                 baseType="INFOTABLE"
							                 description="Persistence Provider Custom Config Table"
							                 name="customConfigTable"
							                 ordinal="0"/>
						</FieldDefinitions>
					</DataShape>
					<Rows>
						<Row>
							<customConfigTable>
								<infoTable>
									<DataShape>
										<FieldDefinitions/>
									</DataShape>
									<Rows/>
								</infoTable>
							</customConfigTable>
						</Row>
					</Rows>
				</ConfigurationTable>
				<ConfigurationTable description="Data Shape Configuration"
				                    isMultiRow="false"
				                    name="Settings"
				                    ordinal="0">
					<DataShape>
						<FieldDefinitions>
							<FieldDefinition aspect.friendlyName="Data Shape"
							                 baseType="DATASHAPENAME"
							                 description="Data shape"
							                 name="dataShape"
							                 ordinal="0"/>
						</FieldDefinitions>
					</DataShape>
					<Rows>
						<Row>
							<accumulatedDataShape>
								<json><![CDATA[{"fieldDefinitions":{"message":{"name":"message","aspects":{},"description":"Message","baseType":"STRING","ordinal":0},"user":{"name":"user","aspects":{},"description":"User","baseType":"USERNAME","ordinal":1}}}]]></json>
							</accumulatedDataShape>
							<dataShape><![CDATA[SecurityEvent]]></dataShape>
						</Row>
					</Rows>
				</ConfigurationTable>
			</ConfigurationTables>
			<ThingShape>
				<PropertyDefinitions/>
				<ServiceDefinitions/>
				<EventDefinitions/>
				<ServiceMappings/>
				<ServiceImplementations/>
				<Subscriptions>
					<Subscription enabled="true"
					              eventName="LoginFailed"
					              source="SecurityMonitor"
					              sourceProperty="">
						<ServiceImplementation description=""
						                       handlerName="Script"
						                       name="SecurityMonitor:LoginFailed">
							<ConfigurationTables>
								<ConfigurationTable description=""
								                    isMultiRow="false"
								                    name="Script"
								                    ordinal="0">
									<DataShape>
										<FieldDefinitions>
											<FieldDefinition baseType="STRING"
											                 description="code"
											                 name="code"
											                 ordinal="0"/>
										</FieldDefinitions>
									</DataShape>
									<Rows>
										<Row>
											<code><![CDATA[var params = {
	sourceType: "Thing" /* STRING */,
    values: eventData /* INFOTABLE */,
	location: undefined /* LOCATION */,
	source: "Login Failed Event" /* STRING */,
	timestamp: eventTime /* DATETIME */
};

me.AddStreamEntry(params);]]></code>
										</Row>
									</Rows>
								</ConfigurationTable>
							</ConfigurationTables>
						</ServiceImplementation>
					</Subscription>
					<Subscription enabled="true"
					              eventName="LoginSucceeded"
					              source="SecurityMonitor"
					              sourceProperty="">
						<ServiceImplementation description=""
						                       handlerName="Script"
						                       name="SecurityMonitor:LoginSucceeded">
							<ConfigurationTables>
								<ConfigurationTable description=""
								                    isMultiRow="false"
								                    name="Script"
								                    ordinal="0">
									<DataShape>
										<FieldDefinitions>
											<FieldDefinition baseType="STRING"
											                 description="code"
											                 name="code"
											                 ordinal="0"/>
										</FieldDefinitions>
									</DataShape>
									<Rows>
										<Row>
											<code><![CDATA[eventData.message="Logged In";

var params = {
	sourceType: "Thing" /* STRING */,
    values: eventData /* INFOTABLE */,
	source: "Login Event" /* STRING */,
	timestamp: eventTime /* DATETIME */
};

me.AddStreamEntry(params);
]]></code>
										</Row>
									</Rows>
								</ConfigurationTable>
							</ConfigurationTables>
						</ServiceImplementation>
					</Subscription>
					<Subscription enabled="true"
					              eventName="Logout"
					              source="SecurityMonitor"
					              sourceProperty="">
						<ServiceImplementation description=""
						                       handlerName="Script"
						                       name="SecurityMonitor:Logout">
							<ConfigurationTables>
								<ConfigurationTable description=""
								                    isMultiRow="false"
								                    name="Script"
								                    ordinal="0">
									<DataShape>
										<FieldDefinitions>
											<FieldDefinition baseType="STRING"
											                 description="code"
											                 name="code"
											                 ordinal="0"/>
										</FieldDefinitions>
									</DataShape>
									<Rows>
										<Row>
											<code><![CDATA[eventData.message="Logged Out";

var params = {
	sourceType: "Thing" /* STRING */,
    values: eventData /* INFOTABLE */,
	location: undefined /* LOCATION */,
	source: "Logout Event" /* STRING */,
	timestamp: eventTime /* DATETIME */
};

me.AddStreamEntry(params);]]></code>
										</Row>
									</Rows>
								</ConfigurationTable>
							</ConfigurationTables>
						</ServiceImplementation>
					</Subscription>
				</Subscriptions>
			</ThingShape>
			<PropertyBindings/>
			<RemotePropertyBindings/>
			<RemoteServiceBindings/>
			<RemoteEventBindings/>
			<AlertConfigurations/>
			<ImplementedShapes/>
			<ThingProperties/>
			<ConfigurationChanges>
				<ConfigurationChange changeAction="CREATE"
				                     changeReason="header : name : updated, thingTemplate : updated&#10;documentation : updated&#10;configuration : persistenceProvider : updated, dataShape : updated&#10;"
				                     timestamp="2017-07-10T12:38:30.595-04:00"
				                     user="Administrator"/>
				<ConfigurationChange changeAction="MODIFY"
				                     changeReason="subscriptions : New subscription : Source updated, Code Updated, Enabled, SecurityMonitor:LoginSucceeded : New subscription, Subscription Added&#10;"
				                     timestamp="2017-07-10T12:44:00.173-04:00"
				                     user="Administrator"/>
				<ConfigurationChange changeAction="MODIFY"
				                     changeReason="subscriptions : New subscription : Source updated, Code Updated, SecurityMonitor:Logout : New subscription, Subscription Added&#10;"
				                     timestamp="2017-07-10T12:44:50.981-04:00"
				                     user="Administrator"/>
				<ConfigurationChange changeAction="MODIFY"
				                     changeReason=""
				                     timestamp="2017-07-10T12:45:21.666-04:00"
				                     user="Administrator"/>
				<ConfigurationChange changeAction="MODIFY"
				                     changeReason="documentation : updated&#10;subscriptions : SecurityMonitor:LoginSucceeded : Code Updated, SecurityMonitor:Logout : Code Updated&#10;"
				                     timestamp="2017-07-10T12:47:18.221-04:00"
				                     user="Administrator"/>
				<ConfigurationChange changeAction="MODIFY"
				                     changeReason="subscriptions : New subscription : Source updated, Code Updated, SecurityMonitor:LoginFailed : New subscription, Subscription Added&#10;"
				                     timestamp="2017-07-10T12:48:49.137-04:00"
				                     user="Administrator"/>
				<ConfigurationChange changeAction="MODIFY"
				                     changeReason="header : description : updated&#10;"
				                     timestamp="2017-07-10T12:54:51.442-04:00"
				                     user="Administrator"/>
			</ConfigurationChanges>
		</Thing>
	</Things>
</Entities>