<?xml version="1.0" encoding="UTF-8"?>
<Entities
 majorVersion="9"
 minorVersion="3"
 universal="password">
    <Mashups>
        <Mashup
         aspect.isFlex="true"
         aspect.isResponsive="true"
         aspect.mashupType="mashup"
         columns="0.0"
         description=""
         documentationContent=""
         homeMashup=""
         name="KBConfigurationHelperMashup"
         projectName="KBAdministration"
         rows="0.0"
         tags="">
            <avatar></avatar>
            <DesignTimePermissions>
                <Create></Create>
                <Read></Read>
                <Update></Update>
                <Delete></Delete>
                <Metadata></Metadata>
            </DesignTimePermissions>
            <RunTimePermissions></RunTimePermissions>
            <VisibilityPermissions>
                <Visibility>
                    <Principal
                     isPermitted="true"
                     name="KBBackGroundWorker"
                     type="Organization"></Principal>
                    <Principal
                     isPermitted="true"
                     name="KBOrganization"
                     type="Organization"></Principal>
                </Visibility>
            </VisibilityPermissions>
            <ConfigurationTableDefinitions></ConfigurationTableDefinitions>
            <ConfigurationTables>
                <ConfigurationTable
                 dataShapeName=""
                 description="Mashup Mobile Settings"
                 isHidden="true"
                 isMultiRow="false"
                 name="MobileSettings"
                 ordinal="0">
                    <DataShape>
                        <FieldDefinitions>
                            <FieldDefinition
                             aspect.defaultValue="false"
                             aspect.friendlyName="Disable Zoom"
                             baseType="BOOLEAN"
                             description="Disables zooming in and out within the mashup"
                             name="disableZoom"
                             ordinal="0"></FieldDefinition>
                            <FieldDefinition
                             aspect.defaultValue="true"
                             aspect.friendlyName="Full Screen Mode"
                             baseType="BOOLEAN"
                             description="Open the mashup in full screen mode"
                             name="fullScreenMode"
                             ordinal="0"></FieldDefinition>
                            <FieldDefinition
                             aspect.friendlyName="Height"
                             baseType="STRING"
                             description="The height of the mashup page"
                             name="height"
                             ordinal="0"></FieldDefinition>
                            <FieldDefinition
                             aspect.defaultValue="device-height"
                             aspect.friendlyName="Height Type"
                             baseType="STRING"
                             description="Use the height of the device display, or a custom height (in px)"
                             name="heightType"
                             ordinal="0"></FieldDefinition>
                            <FieldDefinition
                             aspect.defaultValue="1.0"
                             aspect.friendlyName="Initial Scale"
                             baseType="NUMBER"
                             description="The initial zoom scale when the mashup is loaded for the first time"
                             name="initialScale"
                             ordinal="0"></FieldDefinition>
                            <FieldDefinition
                             aspect.friendlyName="Shortcut Icon Title"
                             baseType="STRING"
                             description="A title for the mashup shortcut on the iOS home screen"
                             name="iosShortcutIconTitle"
                             ordinal="0"></FieldDefinition>
                            <FieldDefinition
                             aspect.defaultValue="black-translucent"
                             aspect.friendlyName="Status Bar Appearance"
                             baseType="STRING"
                             description="The style of the iOS status bar"
                             name="iosStatusBarAppearance"
                             ordinal="0"></FieldDefinition>
                            <FieldDefinition
                             aspect.defaultValue="10.0"
                             aspect.friendlyName="Maximum Scale"
                             baseType="NUMBER"
                             description="The maximum scale that users can zoom out to"
                             name="maximumScale"
                             ordinal="0"></FieldDefinition>
                            <FieldDefinition
                             aspect.defaultValue="0.1"
                             aspect.friendlyName="Minimum Scale"
                             baseType="NUMBER"
                             description="The minimum scale that users can zoom out to"
                             name="minimumScale"
                             ordinal="0"></FieldDefinition>
                            <FieldDefinition
                             aspect.friendlyName="Width"
                             baseType="STRING"
                             description="The width of the mashup page"
                             name="width"
                             ordinal="0"></FieldDefinition>
                            <FieldDefinition
                             aspect.defaultValue="device-width"
                             aspect.friendlyName="Width Type"
                             baseType="STRING"
                             description="Use the width of the device display, or a custom width (in px)"
                             name="widthType"
                             ordinal="0"></FieldDefinition>
                        </FieldDefinitions>
                    </DataShape>
                    <Rows>
                        <Row>
                            <disableZoom>false</disableZoom>
                            <fullScreenMode>true</fullScreenMode>
                            <height></height>
                            <heightType>
                            <![CDATA[
                            device-height
                            ]]>
                            </heightType>
                            <initialScale>1.0</initialScale>
                            <iosShortcutIconTitle></iosShortcutIconTitle>
                            <iosStatusBarAppearance>
                            <![CDATA[
                            black-translucent
                            ]]>
                            </iosStatusBarAppearance>
                            <maximumScale>10.0</maximumScale>
                            <minimumScale>0.1</minimumScale>
                            <width></width>
                            <widthType>
                            <![CDATA[
                            device-width
                            ]]>
                            </widthType>
                        </Row>
                    </Rows>
                </ConfigurationTable>
            </ConfigurationTables>
            <ParameterDefinitions></ParameterDefinitions>
            <Things></Things>
            <ThingShapes></ThingShapes>
            <ThingTemplates></ThingTemplates>
            <mashupContent>
            <![CDATA[
            {
              "CustomMashupCss" : "",
              "Data" : {
                "Session" : {
                  "DataName" : "Session",
                  "EntityName" : "",
                  "EntityType" : "Session",
                  "Id" : "session",
                  "Services" : [ {
                    "APIMethod" : "post",
                    "Characteristic" : "Services",
                    "Id" : "SessionInterface",
                    "Name" : "GetGlobalSessionValues",
                    "Parameters" : { },
                    "RefreshInterval" : 0,
                    "Target" : "GetGlobalSessionValues"
                  } ]
                },
                "Things_KBConfigurationHelperThing" : {
                  "DataName" : "Things_KBConfigurationHelperThing",
                  "EntityName" : "KBConfigurationHelperThing",
                  "EntityType" : "Things",
                  "Id" : "9040c34c-521e-4a45-bba7-254297854da7",
                  "RefreshInterval" : 0,
                  "Services" : [ {
                    "APIMethod" : "post",
                    "Characteristic" : "Services",
                    "Id" : "91d3b33d-0509-4fbc-b5ae-d66a2ef568cf",
                    "Name" : "CreateNewOrgUnitThings",
                    "Parameters" : { },
                    "RefreshInterval" : 0,
                    "Target" : "CreateNewOrgUnitThings"
                  }, {
                    "APIMethod" : "post",
                    "Characteristic" : "Services",
                    "Id" : "70e58f8c-e151-4407-aeee-1ebeddbc6ed1",
                    "Name" : "SelectedValue",
                    "Parameters" : { },
                    "RefreshInterval" : 0,
                    "Target" : "SelectedValue"
                  }, {
                    "APIMethod" : "post",
                    "Characteristic" : "Services",
                    "Id" : "76bd663e-7ef6-4773-81ff-4892ec7c06c0",
                    "Name" : "SetTextBoxValues",
                    "Parameters" : { },
                    "RefreshInterval" : 0,
                    "Target" : "SetTextBoxValues"
                  }, {
                    "APIMethod" : "post",
                    "Characteristic" : "Services",
                    "Id" : "3f7fd152-8516-4deb-a49b-b7cbd96229e4",
                    "Name" : "GetPropertiesFromIndustrialThing",
                    "Parameters" : { },
                    "RefreshInterval" : 0,
                    "Target" : "GetPropertiesFromIndustrialThing"
                  }, {
                    "APIMethod" : "post",
                    "Characteristic" : "Services",
                    "Id" : "d7b2dd01-3f51-44f0-9354-6084577fb6ea",
                    "Name" : "GetIndustrialThingNames",
                    "Parameters" : { },
                    "RefreshInterval" : 0,
                    "Target" : "GetIndustrialThingNames"
                  } ]
                },
                "UserExtensions" : {
                  "DataName" : "UserExtensions",
                  "EntityName" : "",
                  "EntityType" : "UserExtensions",
                  "Id" : "UserExtensions",
                  "Services" : [ {
                    "APIMethod" : "post",
                    "Characteristic" : "Services",
                    "Id" : "UserExtensionInterface",
                    "Name" : "GetCurrentUserExtensionProperties",
                    "Parameters" : { },
                    "RefreshInterval" : 0,
                    "Target" : "GetCurrentUserExtensionProperties"
                  } ]
                }
              },
              "DataBindings" : [ {
                "Id" : "2c62b74a-800b-45e8-8214-8f0eeff4d5d2",
                "PropertyMaps" : [ {
                  "SourceProperty" : "Text",
                  "SourcePropertyBaseType" : "STRING",
                  "SourcePropertyType" : "Property",
                  "TargetProperty" : "Machine",
                  "TargetPropertyBaseType" : "STRING",
                  "TargetPropertyType" : "Parameter"
                } ],
                "SourceArea" : "UI",
                "SourceDetails" : "",
                "SourceId" : "ptcstextfield-7",
                "SourceSection" : "",
                "TargetArea" : "Data",
                "TargetId" : "CreateNewOrgUnitThings",
                "TargetSection" : "Things_KBConfigurationHelperThing"
              }, {
                "Id" : "9d6883a7-3564-44f8-b0a9-a8946db4dd41",
                "PropertyMaps" : [ {
                  "SourceProperty" : "Text",
                  "SourcePropertyBaseType" : "STRING",
                  "SourcePropertyType" : "Property",
                  "TargetProperty" : "SAPWorkCenterNo",
                  "TargetPropertyBaseType" : "STRING",
                  "TargetPropertyType" : "Parameter"
                } ],
                "SourceArea" : "UI",
                "SourceDetails" : "",
                "SourceId" : "ptcstextfield-9",
                "SourceSection" : "",
                "TargetArea" : "Data",
                "TargetId" : "CreateNewOrgUnitThings",
                "TargetSection" : "Things_KBConfigurationHelperThing"
              }, {
                "Id" : "3405d18c-0532-4c57-9c5b-4d3f1faf1477",
                "PropertyMaps" : [ {
                  "SourceProperty" : "Text",
                  "SourcePropertyBaseType" : "STRING",
                  "SourcePropertyType" : "Property",
                  "TargetProperty" : "AlternativeWorkcenterIdForNonSAPShiftCalendars",
                  "TargetPropertyBaseType" : "STRING",
                  "TargetPropertyType" : "Parameter"
                } ],
                "SourceArea" : "UI",
                "SourceDetails" : "",
                "SourceId" : "ptcstextfield-10",
                "SourceSection" : "",
                "TargetArea" : "Data",
                "TargetId" : "CreateNewOrgUnitThings",
                "TargetSection" : "Things_KBConfigurationHelperThing"
              }, {
                "Id" : "38c2fb03-00c8-418e-93a0-963ad5785528",
                "PropertyMaps" : [ {
                  "SourceProperty" : "result",
                  "SourcePropertyBaseType" : "BOOLEAN",
                  "SourcePropertyType" : "Field",
                  "TargetProperty" : "SelectedValue",
                  "TargetPropertyBaseType" : "STRING",
                  "TargetPropertyType" : "property"
                } ],
                "SourceArea" : "Data",
                "SourceDetails" : "AllData",
                "SourceId" : "SelectedValue",
                "SourceSection" : "Things_KBConfigurationHelperThing",
                "TargetArea" : "UI",
                "TargetId" : "genericradiobutton-12",
                "TargetSection" : ""
              }, {
                "Id" : "c83f1c78-cc57-4783-933c-8a2f3e2b25fe",
                "PropertyMaps" : [ {
                  "SourceProperty" : "result",
                  "SourcePropertyBaseType" : "STRING",
                  "SourcePropertyType" : "Field",
                  "TargetProperty" : "Text",
                  "TargetPropertyBaseType" : "STRING",
                  "TargetPropertyType" : "property"
                } ],
                "SourceArea" : "Data",
                "SourceDetails" : "AllData",
                "SourceId" : "SetTextBoxValues",
                "SourceSection" : "Things_KBConfigurationHelperThing",
                "TargetArea" : "UI",
                "TargetId" : "ptcstextfield-10",
                "TargetSection" : ""
              }, {
                "Id" : "16ee0a92-4ae0-436c-9e4c-a62a29d64b9f",
                "PropertyMaps" : [ {
                  "SourceProperty" : "result",
                  "SourcePropertyBaseType" : "STRING",
                  "SourcePropertyType" : "Field",
                  "TargetProperty" : "Text",
                  "TargetPropertyBaseType" : "STRING",
                  "TargetPropertyType" : "property"
                } ],
                "SourceArea" : "Data",
                "SourceDetails" : "AllData",
                "SourceId" : "SetTextBoxValues",
                "SourceSection" : "Things_KBConfigurationHelperThing",
                "TargetArea" : "UI",
                "TargetId" : "ptcstextfield-9",
                "TargetSection" : ""
              }, {
                "Id" : "5d56eee7-c2e9-432e-a332-1268beea7cba",
                "PropertyMaps" : [ {
                  "SourceProperty" : "result",
                  "SourcePropertyBaseType" : "STRING",
                  "SourcePropertyType" : "Field",
                  "TargetProperty" : "Text",
                  "TargetPropertyBaseType" : "STRING",
                  "TargetPropertyType" : "property"
                } ],
                "SourceArea" : "Data",
                "SourceDetails" : "AllData",
                "SourceId" : "SetTextBoxValues",
                "SourceSection" : "Things_KBConfigurationHelperThing",
                "TargetArea" : "UI",
                "TargetId" : "ptcstextfield-8",
                "TargetSection" : ""
              }, {
                "Id" : "030bdcd4-e729-4cb4-9321-ab2a6f678764",
                "PropertyMaps" : [ {
                  "SourceProperty" : "result",
                  "SourcePropertyBaseType" : "STRING",
                  "SourcePropertyType" : "Field",
                  "TargetProperty" : "Text",
                  "TargetPropertyBaseType" : "STRING",
                  "TargetPropertyType" : "property"
                } ],
                "SourceArea" : "Data",
                "SourceDetails" : "AllData",
                "SourceId" : "SetTextBoxValues",
                "SourceSection" : "Things_KBConfigurationHelperThing",
                "TargetArea" : "UI",
                "TargetId" : "ptcstextfield-7",
                "TargetSection" : ""
              }, {
                "Id" : "66c298fe-1dbf-4788-9ef6-887017cc7b16",
                "PropertyMaps" : [ {
                  "SourceProperty" : "Text",
                  "SourcePropertyBaseType" : "STRING",
                  "SourcePropertyType" : "property",
                  "TargetProperty" : "IndustrialThingProperties",
                  "TargetPropertyBaseType" : "STRING",
                  "TargetPropertyType" : "Parameter"
                } ],
                "SourceArea" : "UI",
                "SourceId" : "ptcstextfield-26",
                "SourceSection" : "",
                "TargetArea" : "Data",
                "TargetId" : "CreateNewOrgUnitThings",
                "TargetSection" : "Things_KBConfigurationHelperThing"
              }, {
                "Id" : "3d5bf9c2-d3e6-4fcb-ac4b-2656b6470203",
                "PropertyMaps" : [ {
                  "SourceProperty" : "result",
                  "SourcePropertyBaseType" : "STRING",
                  "SourcePropertyType" : "Field",
                  "TargetProperty" : "Text",
                  "TargetPropertyBaseType" : "STRING",
                  "TargetPropertyType" : "property"
                } ],
                "SourceArea" : "Data",
                "SourceDetails" : "AllData",
                "SourceId" : "SetTextBoxValues",
                "SourceSection" : "Things_KBConfigurationHelperThing",
                "TargetArea" : "UI",
                "TargetId" : "ptcstextfield-26",
                "TargetSection" : ""
              }, {
                "Id" : "aa0a25e8-f61a-478c-af93-7d6d14e85507",
                "PropertyMaps" : [ {
                  "SourceProperty" : "Text",
                  "SourcePropertyBaseType" : "STRING",
                  "SourcePropertyType" : "property",
                  "TargetProperty" : "MachineNo",
                  "TargetPropertyBaseType" : "STRING",
                  "TargetPropertyType" : "Parameter"
                } ],
                "SourceArea" : "UI",
                "SourceId" : "ptcstextfield-28",
                "SourceSection" : "",
                "TargetArea" : "Data",
                "TargetId" : "GetPropertiesFromIndustrialThing",
                "TargetSection" : "Things_KBConfigurationHelperThing"
              }, {
                "Id" : "282b1e41-6ee1-44f9-ae28-b7ba73c0f5d2",
                "PropertyMaps" : [ {
                  "SourceProperty" : "",
                  "SourcePropertyBaseType" : "INFOTABLE",
                  "SourcePropertyType" : "InfoTable",
                  "TargetProperty" : "Data",
                  "TargetPropertyBaseType" : "INFOTABLE",
                  "TargetPropertyType" : "property"
                } ],
                "SourceArea" : "Data",
                "SourceDetails" : "AllData",
                "SourceId" : "GetPropertiesFromIndustrialThing",
                "SourceSection" : "Things_KBConfigurationHelperThing",
                "TargetArea" : "UI",
                "TargetId" : "ptcslist-27",
                "TargetSection" : ""
              }, {
                "Id" : "defafe4d-4d54-4ff2-8727-0d4434ba9ed2",
                "PropertyMaps" : [ {
                  "SourceProperty" : "result",
                  "SourcePropertyBaseType" : "STRING",
                  "SourcePropertyType" : "Field",
                  "TargetProperty" : "Text",
                  "TargetPropertyBaseType" : "STRING",
                  "TargetPropertyType" : "property"
                } ],
                "SourceArea" : "Data",
                "SourceDetails" : "AllData",
                "SourceId" : "SetTextBoxValues",
                "SourceSection" : "Things_KBConfigurationHelperThing",
                "TargetArea" : "UI",
                "TargetId" : "ptcstextfield-28",
                "TargetSection" : ""
              }, {
                "Id" : "bb2472ab-0f59-4e1f-a620-836a9b3f453f",
                "PropertyMaps" : [ {
                  "SourceProperty" : "result",
                  "SourcePropertyBaseType" : "BOOLEAN",
                  "SourcePropertyType" : "Field",
                  "TargetProperty" : "State",
                  "TargetPropertyBaseType" : "BOOLEAN",
                  "TargetPropertyType" : "property"
                } ],
                "SourceArea" : "Data",
                "SourceDetails" : "AllData",
                "SourceId" : "SelectedValue",
                "SourceSection" : "Things_KBConfigurationHelperThing",
                "TargetArea" : "UI",
                "TargetId" : "ptcscheckbox-29",
                "TargetSection" : ""
              }, {
                "Id" : "2d8a9574-2c26-49e3-8ea6-c8edd5c64a71",
                "PropertyMaps" : [ {
                  "SourceProperty" : "State",
                  "SourcePropertyBaseType" : "BOOLEAN",
                  "SourcePropertyType" : "Property",
                  "TargetProperty" : "UseAlternativeWorkcenterIdForNonSAPShiftCalendars",
                  "TargetPropertyBaseType" : "BOOLEAN",
                  "TargetPropertyType" : "Parameter"
                } ],
                "SourceArea" : "UI",
                "SourceDetails" : "",
                "SourceId" : "ptcscheckbox-29",
                "SourceSection" : "",
                "TargetArea" : "Data",
                "TargetId" : "CreateNewOrgUnitThings",
                "TargetSection" : "Things_KBConfigurationHelperThing"
              }, {
                "Id" : "9231f95a-9bbf-4ef4-be34-cef2d0a5c4b7",
                "PropertyMaps" : [ {
                  "SourceProperty" : "",
                  "SourcePropertyBaseType" : "INFOTABLE",
                  "SourcePropertyType" : "InfoTable",
                  "TargetProperty" : "Data",
                  "TargetPropertyBaseType" : "INFOTABLE",
                  "TargetPropertyType" : "property"
                } ],
                "SourceArea" : "Data",
                "SourceDetails" : "AllData",
                "SourceId" : "GetIndustrialThingNames",
                "SourceSection" : "Things_KBConfigurationHelperThing",
                "TargetArea" : "UI",
                "TargetId" : "ptcsdropdown-30",
                "TargetSection" : ""
              }, {
                "Id" : "22e3b9e3-54cd-4102-8308-844e8950ad3d",
                "PropertyMaps" : [ {
                  "SourceProperty" : "name",
                  "SourcePropertyBaseType" : "STRING",
                  "SourcePropertyType" : "Field",
                  "TargetProperty" : "IndustrialThing",
                  "TargetPropertyBaseType" : "STRING",
                  "TargetPropertyType" : "Parameter"
                } ],
                "SourceArea" : "Data",
                "SourceDetails" : "SelectedRows",
                "SourceId" : "GetIndustrialThingNames",
                "SourceSection" : "Things_KBConfigurationHelperThing",
                "TargetArea" : "Data",
                "TargetId" : "CreateNewOrgUnitThings",
                "TargetSection" : "Things_KBConfigurationHelperThing"
              }, {
                "Id" : "31656112-245f-46d5-acee-b35473d740e1",
                "PropertyMaps" : [ {
                  "SourceProperty" : "name",
                  "SourcePropertyBaseType" : "STRING",
                  "SourcePropertyType" : "Field",
                  "TargetProperty" : "IndustrialThing",
                  "TargetPropertyBaseType" : "STRING",
                  "TargetPropertyType" : "Parameter"
                } ],
                "SourceArea" : "Data",
                "SourceDetails" : "SelectedRows",
                "SourceId" : "GetIndustrialThingNames",
                "SourceSection" : "Things_KBConfigurationHelperThing",
                "TargetArea" : "Data",
                "TargetId" : "GetPropertiesFromIndustrialThing",
                "TargetSection" : "Things_KBConfigurationHelperThing"
              }, {
                "Id" : "9e244605-82f9-46e4-8537-5ad57a5763e4",
                "PropertyMaps" : [ {
                  "SourceProperty" : "result",
                  "SourcePropertyBaseType" : "STRING",
                  "SourcePropertyType" : "Field",
                  "TargetProperty" : "Message",
                  "TargetPropertyBaseType" : "STRING",
                  "TargetPropertyType" : "property"
                } ],
                "SourceArea" : "Data",
                "SourceDetails" : "AllData",
                "SourceId" : "CreateNewOrgUnitThings",
                "SourceSection" : "Things_KBConfigurationHelperThing",
                "TargetArea" : "UI",
                "TargetId" : "statusmessage-15",
                "TargetSection" : ""
              } ],
              "DesignTimePermissions" : {
                "Create" : [ ],
                "Delete" : [ ],
                "Metadata" : [ ],
                "Read" : [ ],
                "Update" : [ ]
              },
              "Events" : [ {
                "EventHandlerArea" : "Data",
                "EventHandlerId" : "Things_KBConfigurationHelperThing",
                "EventHandlerService" : "CreateNewOrgUnitThings",
                "EventTriggerArea" : "UI",
                "EventTriggerEvent" : "Clicked",
                "EventTriggerId" : "ptcsbutton-14",
                "EventTriggerSection" : "",
                "Id" : "22897912-2f1f-4c48-8786-a13134364740"
              }, {
                "EventHandlerArea" : "UI",
                "EventHandlerId" : "statusmessage-15",
                "EventHandlerService" : "ShowMessage",
                "EventTriggerArea" : "Data",
                "EventTriggerEvent" : "ServiceInvokeCompleted",
                "EventTriggerId" : "CreateNewOrgUnitThings",
                "EventTriggerSection" : "Things_KBConfigurationHelperThing",
                "Id" : "b0dda998-5aac-4f14-8802-2f8f405f038a"
              }, {
                "EventHandlerArea" : "Data",
                "EventHandlerId" : "Things_KBConfigurationHelperThing",
                "EventHandlerService" : "SelectedValue",
                "EventTriggerArea" : "Data",
                "EventTriggerEvent" : "ServiceInvokeCompleted",
                "EventTriggerId" : "CreateNewOrgUnitThings",
                "EventTriggerSection" : "Things_KBConfigurationHelperThing",
                "Id" : "6ddb2ccd-1d0f-401f-a60b-2c5860408dbd"
              }, {
                "EventHandlerArea" : "Data",
                "EventHandlerId" : "Things_KBConfigurationHelperThing",
                "EventHandlerService" : "SetTextBoxValues",
                "EventTriggerArea" : "Data",
                "EventTriggerEvent" : "ServiceInvokeCompleted",
                "EventTriggerId" : "CreateNewOrgUnitThings",
                "EventTriggerSection" : "Things_KBConfigurationHelperThing",
                "Id" : "671e3c06-d06f-493b-97ab-a1613127d724"
              }, {
                "EventHandlerArea" : "Data",
                "EventHandlerId" : "Things_KBConfigurationHelperThing",
                "EventHandlerService" : "GetPropertiesFromIndustrialThing",
                "EventTriggerArea" : "UI",
                "EventTriggerEvent" : "Changed",
                "EventTriggerId" : "ptcstextfield-28",
                "EventTriggerSection" : "",
                "Id" : "61e89c43-59bb-4efa-9041-c5d76f733d4a"
              }, {
                "EventHandlerArea" : "Data",
                "EventHandlerId" : "Things_KBConfigurationHelperThing",
                "EventHandlerService" : "GetIndustrialThingNames",
                "EventTriggerArea" : "Mashup",
                "EventTriggerEvent" : "Loaded",
                "EventTriggerId" : "mashup-root",
                "EventTriggerSection" : "",
                "Id" : "eba77378-f920-4f51-9e40-5d85686c9565"
              } ],
              "Reminders" : [ ],
              "RunTimePermissions" : {
                "permissions" : [ ]
              },
              "UI" : {
                "Properties" : {
                  "AddToDashboardButton" : "SimplePlus",
                  "AddToDashboardButtonStyle" : "DefaultAddToDashboardButtonStyle",
                  "Area" : "Mashup",
                  "BGImage" : "",
                  "BGImageRepeat" : "no-repeat",
                  "BGImageSize" : "auto",
                  "Columns" : 0,
                  "ConfigureGadgetButton" : "SimpleGear",
                  "ConfigureGadgetButtonStyle" : "DefaultConfigureGadgetButtonStyle",
                  "DisplayName" : "Mashup",
                  "EnableParameterEditing" : false,
                  "Height" : 618,
                  "Id" : "mashup-root",
                  "IgnoreWarningsInViewMashup" : false,
                  "IsPrintLayout" : false,
                  "Left" : 0,
                  "Margin" : "5",
                  "MashupResolution" : "FHD 1920x1080",
                  "MashupToEditGadget" : "DefaultMashupToEditGadget",
                  "Master" : "KBSmartProductionMaster1Mashup",
                  "MinHeight" : 0,
                  "MinWidth" : 0,
                  "ResponsiveLayout" : true,
                  "Rows" : 0,
                  "ShowDataLoading" : true,
                  "Style" : "DefaultMashupStyle",
                  "StyleProperties" : {
                    "data" : {
                      "flexcontainer-16" : {
                        "parts" : {
                          "$" : {
                            "$" : {
                              "background" : "#ffffff",
                              "border-color" : "inherit",
                              "border-radius" : "initial",
                              "border-style" : "none",
                              "border-width" : "0px",
                              "padding-bottom" : "",
                              "padding-left" : "",
                              "padding-right" : "",
                              "padding-top" : ""
                            }
                          }
                        },
                        "widget" : "flex-container"
                      },
                      "flexcontainer-17" : {
                        "parts" : {
                          "$" : {
                            "$" : {
                              "background" : "#ffffff",
                              "border-color" : "inherit",
                              "border-radius" : "initial",
                              "border-style" : "none",
                              "border-width" : "0px",
                              "padding-bottom" : "",
                              "padding-left" : "",
                              "padding-right" : "",
                              "padding-top" : ""
                            }
                          }
                        },
                        "widget" : "flex-container"
                      },
                      "flexcontainer-18" : {
                        "parts" : {
                          "$" : {
                            "$" : {
                              "background" : "#ffffff",
                              "border-color" : "inherit",
                              "border-radius" : "initial",
                              "border-style" : "none",
                              "border-width" : "0px",
                              "padding-bottom" : "",
                              "padding-left" : "",
                              "padding-right" : "",
                              "padding-top" : ""
                            }
                          }
                        },
                        "widget" : "flex-container"
                      },
                      "flexcontainer-19" : {
                        "parts" : {
                          "$" : {
                            "$" : {
                              "background" : "#ffffff",
                              "border-color" : "inherit",
                              "border-radius" : "initial",
                              "border-style" : "none",
                              "border-width" : "0px",
                              "padding-bottom" : "",
                              "padding-left" : "",
                              "padding-right" : "",
                              "padding-top" : ""
                            }
                          }
                        },
                        "widget" : "flex-container"
                      },
                      "flexcontainer-2" : {
                        "parts" : {
                          "$" : {
                            "$" : {
                              "background" : "#ffffff",
                              "border-color" : "inherit",
                              "border-radius" : "initial",
                              "border-style" : "none",
                              "border-width" : "0px",
                              "padding-bottom" : "",
                              "padding-left" : "",
                              "padding-right" : "",
                              "padding-top" : ""
                            }
                          }
                        },
                        "widget" : "flex-container"
                      },
                      "flexcontainer-20" : {
                        "parts" : {
                          "$" : {
                            "$" : {
                              "background" : "#ffffff",
                              "border-color" : "inherit",
                              "border-radius" : "initial",
                              "border-style" : "none",
                              "border-width" : "0px",
                              "padding-bottom" : "",
                              "padding-left" : "",
                              "padding-right" : "",
                              "padding-top" : ""
                            }
                          }
                        },
                        "widget" : "flex-container"
                      },
                      "flexcontainer-21" : {
                        "parts" : {
                          "$" : {
                            "$" : {
                              "background" : "#ffffff",
                              "border-color" : "inherit",
                              "border-radius" : "initial",
                              "border-style" : "none",
                              "border-width" : "0px",
                              "padding-bottom" : "",
                              "padding-left" : "",
                              "padding-right" : "",
                              "padding-top" : ""
                            }
                          }
                        },
                        "widget" : "flex-container"
                      },
                      "flexcontainer-22" : {
                        "parts" : {
                          "$" : {
                            "$" : {
                              "background" : "#ffffff",
                              "border-color" : "inherit",
                              "border-radius" : "initial",
                              "border-style" : "none",
                              "border-width" : "0px",
                              "padding-bottom" : "",
                              "padding-left" : "",
                              "padding-right" : "",
                              "padding-top" : ""
                            }
                          }
                        },
                        "widget" : "flex-container"
                      },
                      "flexcontainer-23" : {
                        "parts" : {
                          "$" : {
                            "$" : {
                              "background" : "#ffffff",
                              "border-color" : "inherit",
                              "border-radius" : "initial",
                              "border-style" : "none",
                              "border-width" : "0px",
                              "padding-bottom" : "",
                              "padding-left" : "",
                              "padding-right" : "",
                              "padding-top" : ""
                            }
                          }
                        },
                        "widget" : "flex-container"
                      },
                      "ptcslabel-24" : {
                        "parts" : {
                          "$" : {
                            "$" : {
                              "font-size" : "28px"
                            }
                          }
                        },
                        "widget" : "ptcs-label"
                      }
                    },
                    "meta" : {
                      "type" : "WidgetStyler",
                      "version" : "1.0"
                    }
                  },
                  "StyleTheme" : "Base Theme",
                  "Title" : "",
                  "TitleBar" : false,
                  "TitleBarStyle" : "DefaultTitleBarStyle",
                  "TitleBarText" : "Gadget Title Here",
                  "Top" : 0,
                  "Type" : "mashup",
                  "UseMasterTheme" : false,
                  "UseTheme" : false,
                  "Visible" : true,
                  "Width" : 1024,
                  "Z-index" : 10,
                  "__TypeDisplayName" : "MashupTemplate",
                  "flex-grow" : 0,
                  "flex-shrink" : 0,
                  "id_index" : 30,
                  "secureExpressionsOnly" : true,
                  "supportsAutoResize" : true
                },
                "Widgets" : [ {
                  "Properties" : {
                    "Area" : "UI",
                    "CollapseTabIcon" : "",
                    "DisplayName" : "container-2",
                    "EnableContainerUnload" : false,
                    "EnableExpandCollapse" : false,
                    "ExpandCollapseTabLocation" : "inside",
                    "ExpandTabIcon" : "",
                    "Expanded" : true,
                    "Id" : "flexcontainer-2",
                    "LastContainer" : true,
                    "LazyLoading" : false,
                    "Left" : 0,
                    "Margin" : "",
                    "Overlay" : false,
                    "ResponsiveLayout" : true,
                    "ShowDataLoading" : true,
                    "ShowExpandCollapseTab" : false,
                    "SourceURL" : "",
                    "Style" : "DefaultContainerStyle",
                    "StyleProperties" : { },
                    "Top" : 0,
                    "Type" : "flexcontainer",
                    "UseTheme" : true,
                    "Visible" : true,
                    "Z-index" : 10,
                    "__TypeDisplayName" : "Flex Container",
                    "align-content" : "flex-start",
                    "align-items" : "flex-start",
                    "flex-basis" : "auto",
                    "flex-direction" : "column",
                    "flex-grow" : 1,
                    "flex-height" : 0,
                    "flex-max-height" : "",
                    "flex-max-width" : "",
                    "flex-min-height" : "",
                    "flex-min-width" : "",
                    "flex-shrink" : 0,
                    "flex-size" : "default",
                    "flex-width" : 0,
                    "flex-wrap" : "nowrap",
                    "iconClass" : "widgets-flexcontainer",
                    "isLocked" : true,
                    "justify-content" : "flex-start",
                    "positioning" : "responsive",
                    "userCannotRemove" : true
                  },
                  "Widgets" : [ {
                    "Properties" : {
                      "Area" : "UI",
                      "CollapseTabIcon" : "",
                      "DisplayName" : "container-17",
                      "EnableContainerUnload" : false,
                      "EnableExpandCollapse" : false,
                      "ExpandCollapseTabLocation" : "inside",
                      "ExpandTabIcon" : "",
                      "Expanded" : true,
                      "Id" : "flexcontainer-17",
                      "LastContainer" : false,
                      "LazyLoading" : false,
                      "Margin" : "",
                      "Overlay" : false,
                      "ResponsiveLayout" : false,
                      "ShowDataLoading" : true,
                      "ShowExpandCollapseTab" : false,
                      "SourceURL" : "",
                      "Style" : "DefaultContainerStyle",
                      "StyleProperties" : { },
                      "Type" : "flexcontainer",
                      "UseTheme" : true,
                      "Visible" : true,
                      "Z-index" : 10,
                      "__TypeDisplayName" : "Responsive Container",
                      "align-content" : "flex-start",
                      "align-items" : "flex-start",
                      "flex-basis" : "auto",
                      "flex-direction" : "row",
                      "flex-grow" : 1,
                      "flex-max-height" : "57px",
                      "flex-max-width" : "",
                      "flex-min-height" : "57px",
                      "flex-min-width" : "",
                      "flex-shrink" : 1,
                      "flex-size" : "fixed",
                      "flex-wrap" : "nowrap",
                      "iconClass" : "widgets-flexcontainer-fixed",
                      "isLocked" : false,
                      "justify-content" : "flex-start",
                      "positioning" : "responsive",
                      "userCannotRemove" : false
                    },
                    "Widgets" : [ {
                      "Properties" : {
                        "Area" : "UI",
                        "CollapseTabIcon" : "",
                        "DisplayName" : "container-22",
                        "EnableContainerUnload" : false,
                        "EnableExpandCollapse" : false,
                        "ExpandCollapseTabLocation" : "inside",
                        "ExpandTabIcon" : "",
                        "Expanded" : true,
                        "Id" : "flexcontainer-22",
                        "LastContainer" : false,
                        "LazyLoading" : false,
                        "Margin" : "",
                        "Overlay" : false,
                        "ResponsiveLayout" : false,
                        "ShowDataLoading" : true,
                        "ShowExpandCollapseTab" : false,
                        "SourceURL" : "",
                        "Style" : "DefaultContainerStyle",
                        "StyleProperties" : { },
                        "Type" : "flexcontainer",
                        "UseTheme" : true,
                        "Visible" : true,
                        "Z-index" : 10,
                        "__TypeDisplayName" : "Responsive Container",
                        "align-content" : "flex-start",
                        "align-items" : "flex-start",
                        "flex-basis" : "auto",
                        "flex-direction" : "row",
                        "flex-grow" : 1,
                        "flex-max-height" : "",
                        "flex-max-width" : "",
                        "flex-min-height" : "",
                        "flex-min-width" : "",
                        "flex-shrink" : 1,
                        "flex-size" : "default",
                        "flex-wrap" : "nowrap",
                        "iconClass" : "widgets-flexcontainer",
                        "isLocked" : false,
                        "justify-content" : "flex-start",
                        "positioning" : "responsive",
                        "userCannotRemove" : false
                      },
                      "Widgets" : [ ]
                    }, {
                      "Properties" : {
                        "Area" : "UI",
                        "CollapseTabIcon" : "",
                        "DisplayName" : "container-21",
                        "EnableContainerUnload" : false,
                        "EnableExpandCollapse" : false,
                        "ExpandCollapseTabLocation" : "inside",
                        "ExpandTabIcon" : "",
                        "Expanded" : true,
                        "Id" : "flexcontainer-21",
                        "LastContainer" : false,
                        "LazyLoading" : false,
                        "Margin" : "",
                        "Overlay" : false,
                        "ResponsiveLayout" : false,
                        "ShowDataLoading" : true,
                        "ShowExpandCollapseTab" : false,
                        "SourceURL" : "",
                        "Style" : "DefaultContainerStyle",
                        "StyleProperties" : { },
                        "Type" : "flexcontainer",
                        "UseTheme" : true,
                        "Visible" : true,
                        "Z-index" : 10,
                        "__TypeDisplayName" : "Responsive Container",
                        "align-content" : "flex-start",
                        "align-items" : "center",
                        "flex-basis" : "auto",
                        "flex-direction" : "row",
                        "flex-grow" : 1,
                        "flex-max-height" : "",
                        "flex-max-width" : "",
                        "flex-min-height" : "",
                        "flex-min-width" : "",
                        "flex-shrink" : 1,
                        "flex-size" : "default",
                        "flex-wrap" : "nowrap",
                        "iconClass" : "widgets-flexcontainer",
                        "isLocked" : false,
                        "justify-content" : "center",
                        "positioning" : "responsive",
                        "userCannotRemove" : false
                      },
                      "Widgets" : [ {
                        "Properties" : {
                          "Area" : "UI",
                          "DisclosureControl" : "show-more",
                          "DisplayName" : "ptcs-label-24",
                          "HorizontalAlignment" : "left",
                          "Id" : "ptcslabel-24",
                          "LabelText" : "Configuration Mashup for OEE Rail",
                          "LabelType" : "label",
                          "LastContainer" : false,
                          "Left" : 302,
                          "Margin" : "5",
                          "MultiLine" : true,
                          "PreserveWhiteSpace" : false,
                          "ResponsiveLayout" : false,
                          "ShowDataLoading" : true,
                          "Top" : 301.66666412353516,
                          "Type" : "ptcslabel",
                          "UseTheme" : true,
                          "VerticalAlignment" : "flex-start",
                          "Visible" : true,
                          "Z-index" : 10,
                          "__TypeDisplayName" : "Label",
                          "overflowShowLessTxt" : "[[showLess]]",
                          "overflowShowMoreTxt" : "[[showMore]]"
                        },
                        "Widgets" : [ ]
                      } ]
                    }, {
                      "Properties" : {
                        "Area" : "UI",
                        "CollapseTabIcon" : "",
                        "DisplayName" : "container-23",
                        "EnableContainerUnload" : false,
                        "EnableExpandCollapse" : false,
                        "ExpandCollapseTabLocation" : "inside",
                        "ExpandTabIcon" : "",
                        "Expanded" : true,
                        "Id" : "flexcontainer-23",
                        "LastContainer" : false,
                        "LazyLoading" : false,
                        "Margin" : "",
                        "Overlay" : false,
                        "ResponsiveLayout" : true,
                        "ShowDataLoading" : true,
                        "ShowExpandCollapseTab" : false,
                        "SourceURL" : "",
                        "Style" : "DefaultContainerStyle",
                        "StyleProperties" : { },
                        "Type" : "flexcontainer",
                        "UseTheme" : true,
                        "Visible" : true,
                        "Z-index" : 10,
                        "__TypeDisplayName" : "Responsive Container",
                        "align-content" : "flex-start",
                        "align-items" : "flex-start",
                        "flex-basis" : "auto",
                        "flex-direction" : "row",
                        "flex-grow" : 1,
                        "flex-max-height" : "",
                        "flex-max-width" : "",
                        "flex-min-height" : "",
                        "flex-min-width" : "",
                        "flex-shrink" : 1,
                        "flex-size" : "default",
                        "flex-wrap" : "nowrap",
                        "iconClass" : "widgets-flexcontainer",
                        "isLocked" : false,
                        "justify-content" : "flex-start",
                        "positioning" : "responsive",
                        "userCannotRemove" : false
                      },
                      "Widgets" : [ ]
                    } ]
                  }, {
                    "Properties" : {
                      "Area" : "UI",
                      "CollapseTabIcon" : "",
                      "DisplayName" : "container-16",
                      "EnableContainerUnload" : false,
                      "EnableExpandCollapse" : false,
                      "ExpandCollapseTabLocation" : "inside",
                      "ExpandTabIcon" : "",
                      "Expanded" : true,
                      "Id" : "flexcontainer-16",
                      "LastContainer" : true,
                      "LazyLoading" : false,
                      "Left" : 0,
                      "Margin" : "",
                      "Overlay" : false,
                      "ResponsiveLayout" : false,
                      "ShowDataLoading" : true,
                      "ShowExpandCollapseTab" : false,
                      "SourceURL" : "",
                      "Style" : "DefaultContainerStyle",
                      "StyleProperties" : { },
                      "Top" : 0,
                      "Type" : "flexcontainer",
                      "UseTheme" : true,
                      "Visible" : true,
                      "Z-index" : 10,
                      "__TypeDisplayName" : "Flex Container",
                      "align-content" : "flex-start",
                      "align-items" : "flex-start",
                      "flex-basis" : "auto",
                      "flex-direction" : "row",
                      "flex-grow" : 1,
                      "flex-height" : 0,
                      "flex-max-height" : "",
                      "flex-max-width" : "",
                      "flex-min-height" : "",
                      "flex-min-width" : "",
                      "flex-shrink" : 0,
                      "flex-size" : "default",
                      "flex-width" : 0,
                      "flex-wrap" : "nowrap",
                      "iconClass" : "widgets-flexcontainer",
                      "isLocked" : true,
                      "justify-content" : "flex-start",
                      "positioning" : "responsive",
                      "userCannotRemove" : false
                    },
                    "Widgets" : [ {
                      "Properties" : {
                        "Area" : "UI",
                        "CollapseTabIcon" : "",
                        "DisplayName" : "container-19",
                        "EnableContainerUnload" : false,
                        "EnableExpandCollapse" : false,
                        "ExpandCollapseTabLocation" : "inside",
                        "ExpandTabIcon" : "",
                        "Expanded" : true,
                        "Id" : "flexcontainer-19",
                        "LastContainer" : false,
                        "LazyLoading" : false,
                        "Margin" : "",
                        "Overlay" : false,
                        "ResponsiveLayout" : false,
                        "ShowDataLoading" : true,
                        "ShowExpandCollapseTab" : false,
                        "SourceURL" : "",
                        "Style" : "DefaultContainerStyle",
                        "StyleProperties" : { },
                        "Type" : "flexcontainer",
                        "UseTheme" : true,
                        "Visible" : true,
                        "Z-index" : 10,
                        "__TypeDisplayName" : "Responsive Container",
                        "align-content" : "flex-start",
                        "align-items" : "flex-start",
                        "flex-basis" : "auto",
                        "flex-direction" : "row",
                        "flex-grow" : 1,
                        "flex-max-height" : "",
                        "flex-max-width" : "242px",
                        "flex-min-height" : "",
                        "flex-min-width" : "242px",
                        "flex-shrink" : 1,
                        "flex-size" : "fixed",
                        "flex-wrap" : "nowrap",
                        "iconClass" : "widgets-flexcontainer-fixed",
                        "isLocked" : false,
                        "justify-content" : "flex-start",
                        "positioning" : "responsive",
                        "userCannotRemove" : false
                      },
                      "Widgets" : [ {
                        "Properties" : {
                          "Area" : "UI",
                          "Counter" : false,
                          "CriteriaMessage" : "",
                          "CriteriaMessageDetails" : "",
                          "Disabled" : false,
                          "DisplayName" : "ptcs-textfield-8",
                          "Id" : "ptcstextfield-8",
                          "Label" : "Industrial Thing",
                          "LabelAlignment" : "left",
                          "LastContainer" : false,
                          "Left" : 10,
                          "Margin" : "5",
                          "MaxLengthFailureMessage" : "${value} characters is the maximum",
                          "MaxNumberOfCharacters" : 100,
                          "MinLengthFailureMessage" : "${value} characters is the minimum",
                          "Password" : false,
                          "ReadOnly" : false,
                          "RequiredMessage" : "A value is required",
                          "ResponsiveLayout" : false,
                          "ShowClearText" : true,
                          "ShowDataLoading" : true,
                          "ShowValidationCriteria" : false,
                          "ShowValidationFailure" : false,
                          "ShowValidationSuccess" : false,
                          "SuccessMessage" : "",
                          "SuccessMessageDetails" : "",
                          "TabSequence" : 0,
                          "TextAlignment" : "left",
                          "Top" : 69,
                          "Type" : "ptcstextfield",
                          "UseTheme" : true,
                          "ValidationCriteriaIcon" : "cds:icon_info",
                          "ValidationFailureIcon" : "cds:icon_error",
                          "ValidationState" : "undefined",
                          "ValidationSuccessIcon" : "cds:icon_success",
                          "ValueRequired" : false,
                          "Visible" : false,
                          "Width" : 403,
                          "Z-index" : 10,
                          "__TypeDisplayName" : "Text Field"
                        },
                        "Widgets" : [ ]
                      } ]
                    }, {
                      "Properties" : {
                        "Area" : "UI",
                        "CollapseTabIcon" : "",
                        "DisplayName" : "container-18",
                        "EnableContainerUnload" : false,
                        "EnableExpandCollapse" : false,
                        "ExpandCollapseTabLocation" : "inside",
                        "ExpandTabIcon" : "",
                        "Expanded" : true,
                        "Id" : "flexcontainer-18",
                        "LastContainer" : true,
                        "LazyLoading" : false,
                        "Left" : 0,
                        "Margin" : "",
                        "Overlay" : false,
                        "ResponsiveLayout" : false,
                        "ShowDataLoading" : true,
                        "ShowExpandCollapseTab" : false,
                        "SourceURL" : "",
                        "Style" : "DefaultContainerStyle",
                        "StyleProperties" : { },
                        "Top" : 0,
                        "Type" : "flexcontainer",
                        "UseTheme" : true,
                        "Visible" : true,
                        "Z-index" : 10,
                        "__TypeDisplayName" : "Flex Container",
                        "align-content" : "flex-start",
                        "align-items" : "center",
                        "flex-basis" : "auto",
                        "flex-direction" : "column",
                        "flex-grow" : 1,
                        "flex-height" : 0,
                        "flex-max-height" : "",
                        "flex-max-width" : "",
                        "flex-min-height" : "",
                        "flex-min-width" : "",
                        "flex-shrink" : 0,
                        "flex-size" : "default",
                        "flex-width" : 0,
                        "flex-wrap" : "nowrap",
                        "iconClass" : "widgets-flexcontainer",
                        "isLocked" : true,
                        "justify-content" : "flex-start",
                        "positioning" : "static",
                        "userCannotRemove" : false
                      },
                      "Widgets" : [ {
                        "Properties" : {
                          "Area" : "UI",
                          "Counter" : false,
                          "CriteriaMessage" : "",
                          "CriteriaMessageDetails" : "",
                          "Disabled" : false,
                          "DisplayName" : "ptcs-textfield-7",
                          "Id" : "ptcstextfield-7",
                          "Label" : "Machine",
                          "LabelAlignment" : "left",
                          "LastContainer" : false,
                          "Left" : 10,
                          "Margin" : "5",
                          "MaxLengthFailureMessage" : "${value} characters is the maximum",
                          "MaxNumberOfCharacters" : 100,
                          "MinLengthFailureMessage" : "${value} characters is the minimum",
                          "Password" : false,
                          "ReadOnly" : false,
                          "RequiredMessage" : "A value is required",
                          "ResponsiveLayout" : false,
                          "ShowClearText" : true,
                          "ShowDataLoading" : true,
                          "ShowValidationCriteria" : false,
                          "ShowValidationFailure" : false,
                          "ShowValidationSuccess" : false,
                          "SuccessMessage" : "",
                          "SuccessMessageDetails" : "",
                          "TabSequence" : 0,
                          "TextAlignment" : "left",
                          "Top" : 3.99737548828125,
                          "Type" : "ptcstextfield",
                          "UseTheme" : true,
                          "ValidationCriteriaIcon" : "cds:icon_info",
                          "ValidationFailureIcon" : "cds:icon_error",
                          "ValidationState" : "undefined",
                          "ValidationSuccessIcon" : "cds:icon_success",
                          "ValueRequired" : false,
                          "Visible" : true,
                          "Width" : 403,
                          "Z-index" : 10,
                          "__TypeDisplayName" : "Text Field"
                        },
                        "Widgets" : [ ]
                      }, {
                        "Properties" : {
                          "Area" : "UI",
                          "Counter" : false,
                          "CriteriaMessage" : "",
                          "CriteriaMessageDetails" : "",
                          "Disabled" : false,
                          "DisplayName" : "ptcs-textfield-9",
                          "Id" : "ptcstextfield-9",
                          "Label" : "SAP Work Center Number",
                          "LabelAlignment" : "left",
                          "LastContainer" : false,
                          "Left" : 8.984375,
                          "Margin" : "5",
                          "MaxLengthFailureMessage" : "${value} characters is the maximum",
                          "MaxNumberOfCharacters" : 100,
                          "MinLengthFailureMessage" : "${value} characters is the minimum",
                          "Password" : false,
                          "ReadOnly" : false,
                          "RequiredMessage" : "A value is required",
                          "ResponsiveLayout" : false,
                          "ShowClearText" : true,
                          "ShowDataLoading" : true,
                          "ShowValidationCriteria" : false,
                          "ShowValidationFailure" : false,
                          "ShowValidationSuccess" : false,
                          "SuccessMessage" : "",
                          "SuccessMessageDetails" : "",
                          "TabSequence" : 0,
                          "TextAlignment" : "left",
                          "Top" : 296.9791488647461,
                          "Type" : "ptcstextfield",
                          "UseTheme" : true,
                          "ValidationCriteriaIcon" : "cds:icon_info",
                          "ValidationFailureIcon" : "cds:icon_error",
                          "ValidationState" : "undefined",
                          "ValidationSuccessIcon" : "cds:icon_success",
                          "ValueRequired" : false,
                          "Visible" : true,
                          "Width" : 403,
                          "Z-index" : 10,
                          "__TypeDisplayName" : "Text Field"
                        },
                        "Widgets" : [ ]
                      }, {
                        "Properties" : {
                          "Area" : "UI",
                          "DisclosureControl" : "show-more",
                          "DisplayName" : "ptcs-label-13",
                          "HorizontalAlignment" : "left",
                          "Id" : "ptcslabel-13",
                          "LabelText" : "UseAlternativeWorkcenterIdForNonSAPShiftCalendars",
                          "LabelType" : "label",
                          "LastContainer" : false,
                          "Left" : 6.9921875,
                          "Margin" : "5",
                          "MultiLine" : true,
                          "PreserveWhiteSpace" : false,
                          "ResponsiveLayout" : false,
                          "ShowDataLoading" : true,
                          "Top" : 363.9713439941406,
                          "Type" : "ptcslabel",
                          "UseTheme" : true,
                          "VerticalAlignment" : "flex-start",
                          "Visible" : true,
                          "Z-index" : 10,
                          "__TypeDisplayName" : "Label",
                          "overflowShowLessTxt" : "[[showLess]]",
                          "overflowShowMoreTxt" : "[[showMore]]"
                        },
                        "Widgets" : [ ]
                      }, {
                        "Properties" : {
                          "Area" : "UI",
                          "ButtonStates" : "KBConfigurationHelperThingStateDefinition",
                          "DisplayName" : "genericradiobutton-12",
                          "Height" : 55,
                          "Id" : "genericradiobutton-12",
                          "LabelOrientation" : "right",
                          "LastContainer" : false,
                          "Left" : 93,
                          "Margin" : "5",
                          "Orientation" : "horz",
                          "ReadOnly" : false,
                          "ResponsiveLayout" : false,
                          "ShowDataLoading" : true,
                          "Top" : 363,
                          "Type" : "genericradiobutton",
                          "Visible" : false,
                          "Width" : 135,
                          "Z-index" : 10,
                          "__TypeDisplayName" : "Generic Radio Button"
                        },
                        "Widgets" : [ ]
                      }, {
                        "Properties" : {
                          "Area" : "UI",
                          "Counter" : false,
                          "CriteriaMessage" : "",
                          "CriteriaMessageDetails" : "",
                          "Disabled" : false,
                          "DisplayName" : "ptcs-textfield-10",
                          "Id" : "ptcstextfield-10",
                          "Label" : "AlternativeWorkcenterIdForNonSAPShiftCalendars",
                          "LabelAlignment" : "left",
                          "LastContainer" : false,
                          "Left" : 8.96990966796875,
                          "Margin" : "5",
                          "MaxLengthFailureMessage" : "${value} characters is the maximum",
                          "MaxNumberOfCharacters" : 100,
                          "MinLengthFailureMessage" : "${value} characters is the minimum",
                          "Password" : false,
                          "ReadOnly" : false,
                          "RequiredMessage" : "A value is required",
                          "ResponsiveLayout" : false,
                          "ShowClearText" : true,
                          "ShowDataLoading" : true,
                          "ShowValidationCriteria" : false,
                          "ShowValidationFailure" : false,
                          "ShowValidationSuccess" : false,
                          "SuccessMessage" : "",
                          "SuccessMessageDetails" : "",
                          "TabSequence" : 0,
                          "TextAlignment" : "left",
                          "Top" : 426.95603942871094,
                          "Type" : "ptcstextfield",
                          "UseTheme" : true,
                          "ValidationCriteriaIcon" : "cds:icon_info",
                          "ValidationFailureIcon" : "cds:icon_error",
                          "ValidationState" : "undefined",
                          "ValidationSuccessIcon" : "cds:icon_success",
                          "ValueRequired" : false,
                          "Visible" : true,
                          "Width" : 403,
                          "Z-index" : 10,
                          "__TypeDisplayName" : "Text Field"
                        },
                        "Widgets" : [ ]
                      }, {
                        "Properties" : {
                          "Area" : "UI",
                          "ButtonType" : "primary",
                          "ContextID" : "",
                          "Disabled" : false,
                          "DisplayName" : "ptcs-button-14",
                          "Id" : "ptcsbutton-14",
                          "Label" : "Create",
                          "LabelAlignment" : "center",
                          "LastContainer" : false,
                          "Left" : 528.890625,
                          "Margin" : "5",
                          "MultiLine" : false,
                          "ResponsiveLayout" : false,
                          "ShowDataLoading" : true,
                          "TabSequence" : 0,
                          "Top" : 510.953125,
                          "Type" : "ptcsbutton",
                          "UseTheme" : true,
                          "Visible" : true,
                          "Z-index" : 10,
                          "__TypeDisplayName" : "Button"
                        },
                        "Widgets" : [ ]
                      }, {
                        "Properties" : {
                          "Area" : "UI",
                          "Counter" : false,
                          "CriteriaMessage" : "",
                          "CriteriaMessageDetails" : "",
                          "Disabled" : false,
                          "DisplayName" : "ptcs-textfield-26",
                          "Id" : "ptcstextfield-26",
                          "Label" : "Properties Name (String) to be excluded from Industrial Thing in PLC Station Thing",
                          "LabelAlignment" : "left",
                          "LastContainer" : false,
                          "Left" : 10,
                          "Margin" : "5",
                          "MaxLengthFailureMessage" : "${value} characters is the maximum",
                          "MaxNumberOfCharacters" : 100,
                          "MinLengthFailureMessage" : "${value} characters is the minimum",
                          "Password" : false,
                          "ReadOnly" : false,
                          "RequiredMessage" : "A value is required",
                          "ResponsiveLayout" : false,
                          "ShowClearText" : true,
                          "ShowDataLoading" : true,
                          "ShowValidationCriteria" : false,
                          "ShowValidationFailure" : false,
                          "ShowValidationSuccess" : false,
                          "SuccessMessage" : "",
                          "SuccessMessageDetails" : "",
                          "TabSequence" : 0,
                          "TextAlignment" : "left",
                          "Top" : 203.99740600585938,
                          "Type" : "ptcstextfield",
                          "UseTheme" : true,
                          "ValidationCriteriaIcon" : "cds:icon_info",
                          "ValidationFailureIcon" : "cds:icon_error",
                          "ValidationState" : "undefined",
                          "ValidationSuccessIcon" : "cds:icon_success",
                          "ValueRequired" : false,
                          "Visible" : true,
                          "Width" : 403,
                          "Z-index" : 10,
                          "__TypeDisplayName" : "Text Field"
                        },
                        "Widgets" : [ ]
                      }, {
                        "Properties" : {
                          "Alignment" : "left",
                          "Area" : "UI",
                          "AutoSelectFirstRow" : false,
                          "ClearSelectedItemsLabel" : "[[clearSelectedItems]]",
                          "ClearSelectionItem" : true,
                          "ClearSelectionLabel" : "[[None]]",
                          "CriteriaMessage" : "",
                          "CriteriaMessageDetails" : "",
                          "Disabled" : false,
                          "DisplayField" : "name",
                          "DisplayFieldBaseType" : "STRING",
                          "DisplayName" : "ptcs-list-27",
                          "FillContainer" : true,
                          "FilterHintText" : "[[filter]]",
                          "Height" : 450,
                          "Id" : "ptcslist-27",
                          "ItemMeta" : {
                            "type" : "text"
                          },
                          "Label" : "Properties from Industrial thing",
                          "LabelAlignment" : "left",
                          "LastContainer" : false,
                          "Left" : 460.98957443237305,
                          "ListFormat_StateParameters" : [ ],
                          "Margin" : "5",
                          "MultiSelect" : false,
                          "RequiredMessage" : "A selection is required",
                          "ResponsiveLayout" : false,
                          "RowHeight" : 34,
                          "SelectAllLabel" : "[[selectAll]]",
                          "ShowDataLoading" : true,
                          "ShowListFilter" : false,
                          "ShowValidationCriteria" : false,
                          "ShowValidationFailure" : false,
                          "ShowValidationSuccess" : false,
                          "SuccessMessage" : "",
                          "SuccessMessageDetails" : "",
                          "TabSequence" : 0,
                          "Top" : 2.9947967529296875,
                          "Type" : "ptcslist",
                          "UseTheme" : true,
                          "ValidationCriteriaIcon" : "cds:icon_info",
                          "ValidationFailureIcon" : "cds:icon_error",
                          "ValidationState" : "undefined",
                          "ValidationSuccessIcon" : "cds:icon_success",
                          "ValueField" : "name",
                          "ValueRequired" : false,
                          "Visible" : true,
                          "Width" : 638,
                          "Z-index" : 10,
                          "__TypeDisplayName" : "List"
                        },
                        "Widgets" : [ ]
                      }, {
                        "Properties" : {
                          "Area" : "UI",
                          "Counter" : false,
                          "CriteriaMessage" : "",
                          "CriteriaMessageDetails" : "",
                          "Disabled" : false,
                          "DisplayName" : "ptcs-textfield-28",
                          "Id" : "ptcstextfield-28",
                          "Label" : "Machine Number",
                          "LabelAlignment" : "left",
                          "LastContainer" : false,
                          "Left" : 10,
                          "Margin" : "5",
                          "MaxLengthFailureMessage" : "${value} characters is the maximum",
                          "MaxNumberOfCharacters" : 100,
                          "MinLengthFailureMessage" : "${value} characters is the minimum",
                          "Password" : false,
                          "ReadOnly" : false,
                          "RequiredMessage" : "A value is required",
                          "ResponsiveLayout" : false,
                          "ShowClearText" : true,
                          "ShowDataLoading" : true,
                          "ShowValidationCriteria" : false,
                          "ShowValidationFailure" : false,
                          "ShowValidationSuccess" : false,
                          "SuccessMessage" : "",
                          "SuccessMessageDetails" : "",
                          "TabSequence" : 0,
                          "TextAlignment" : "left",
                          "Top" : 138.95833587646484,
                          "Type" : "ptcstextfield",
                          "UseTheme" : true,
                          "ValidationCriteriaIcon" : "cds:icon_info",
                          "ValidationFailureIcon" : "cds:icon_error",
                          "ValidationState" : "undefined",
                          "ValidationSuccessIcon" : "cds:icon_success",
                          "ValueRequired" : false,
                          "Visible" : true,
                          "Width" : 403,
                          "Z-index" : 10,
                          "__TypeDisplayName" : "Text Field"
                        },
                        "Widgets" : [ ]
                      }, {
                        "Properties" : {
                          "Area" : "UI",
                          "CriteriaMessage" : "",
                          "CriteriaMessageDetails" : "",
                          "Disabled" : false,
                          "DisplayName" : "ptcs-checkbox-29",
                          "Id" : "ptcscheckbox-29",
                          "Label" : null,
                          "LastContainer" : false,
                          "Left" : 38.97137451171875,
                          "Margin" : "5",
                          "PartialState" : false,
                          "RequiredMessage" : "Check box must be selected",
                          "ResponsiveLayout" : false,
                          "ShowDataLoading" : true,
                          "ShowValidationCriteria" : false,
                          "ShowValidationFailure" : false,
                          "ShowValidationSuccess" : false,
                          "State" : false,
                          "SuccessMessage" : "",
                          "SuccessMessageDetails" : "",
                          "TabSequence" : 0,
                          "Top" : 387.96873474121094,
                          "TrueRequired" : false,
                          "Type" : "ptcscheckbox",
                          "UseTheme" : true,
                          "ValidationCriteriaIcon" : "cds:icon_info",
                          "ValidationFailureIcon" : "cds:icon_error",
                          "ValidationState" : "undefined",
                          "ValidationSuccessIcon" : "cds:icon_success",
                          "Visible" : true,
                          "Z-index" : 10,
                          "__TypeDisplayName" : "Checkbox"
                        },
                        "Widgets" : [ ]
                      }, {
                        "Properties" : {
                          "Alignment" : "left",
                          "AllLabel" : "[[all]]",
                          "Area" : "UI",
                          "AutoSelectFirstRow" : false,
                          "ClearSelectedItemsLabel" : "[[clearSelectedItems]]",
                          "ClearSelectionItem" : true,
                          "ClearSelectionLabel" : "[[None]]",
                          "CriteriaMessage" : "",
                          "CriteriaMessageDetails" : "",
                          "Disabled" : false,
                          "DisplayField" : "name",
                          "DisplayFieldBaseType" : "STRING",
                          "DisplayName" : "ptcs-dropdown-30",
                          "FilterHintText" : "Filter",
                          "HintText" : "[[Select]]",
                          "Id" : "ptcsdropdown-30",
                          "ItemMeta" : {
                            "type" : "text"
                          },
                          "Label" : "Industrial Thing",
                          "LabelAlignment" : "left",
                          "LastContainer" : false,
                          "Left" : 10.9765625,
                          "ListFormat_StateParameters" : [ ],
                          "ListMarginTop" : 8,
                          "Margin" : "5",
                          "MultiSelect" : false,
                          "RequiredMessage" : "A selection is required",
                          "ResponsiveLayout" : false,
                          "RowHeight" : 34,
                          "SelectAllLabel" : "[[selectAll]]",
                          "SelectedLabel" : "[[selected]]",
                          "ShowDataLoading" : true,
                          "ShowListFilter" : false,
                          "ShowValidationCriteria" : false,
                          "ShowValidationFailure" : false,
                          "ShowValidationSuccess" : false,
                          "SuccessMessage" : "",
                          "SuccessMessageDetails" : "",
                          "TabSequence" : 0,
                          "Top" : 70.98959350585938,
                          "Type" : "ptcsdropdown",
                          "UseTheme" : true,
                          "ValidationCriteriaIcon" : "cds:icon_info",
                          "ValidationFailureIcon" : "cds:icon_error",
                          "ValidationState" : "undefined",
                          "ValidationSuccessIcon" : "cds:icon_success",
                          "ValueField" : "name",
                          "ValueRequired" : false,
                          "Visible" : true,
                          "Width" : 398,
                          "Z-index" : 10,
                          "__TypeDisplayName" : "DropDown"
                        },
                        "Widgets" : [ ]
                      } ]
                    } ]
                  } ]
                }, {
                  "Properties" : {
                    "Area" : "UI",
                    "DisplayName" : "CreatedMessage",
                    "Height" : 28,
                    "Id" : "statusmessage-15",
                    "LastContainer" : false,
                    "Left" : null,
                    "Margin" : "5",
                    "Message" : "",
                    "MessageType" : "info",
                    "ResponsiveLayout" : false,
                    "ShowDataLoading" : true,
                    "Top" : null,
                    "Type" : "statusmessage",
                    "Visible" : true,
                    "Width" : 200,
                    "Z-index" : 10,
                    "__TypeDisplayName" : "Status Message"
                  },
                  "Widgets" : [ ]
                }, {
                  "Properties" : {
                    "Area" : "UI",
                    "AutoEvaluate" : false,
                    "DataChangeType" : "VALUE",
                    "DisableInitialOutput" : false,
                    "DisplayName" : "RefreshPages",
                    "Expression" : "TW.location.reload();",
                    "FireOnFirstValue" : false,
                    "Height" : 28,
                    "Id" : "expression2-25",
                    "LastContainer" : false,
                    "Left" : null,
                    "Margin" : "5",
                    "OutputBaseType" : "NUMBER",
                    "ResponsiveLayout" : false,
                    "ShowDataLoading" : true,
                    "Top" : null,
                    "Type" : "expression2",
                    "Visible" : true,
                    "Width" : 200,
                    "Z-index" : 10,
                    "__TypeDisplayName" : "Expression",
                    "_currentParameterDefs" : [ ]
                  },
                  "Widgets" : [ ]
                } ]
              },
              "mashupType" : "mashupTemplate"
            }
            ]]>
            </mashupContent>
            <preview></preview>
        </Mashup>
    </Mashups>
</Entities>
