<?xml version="1.0" encoding="UTF-8"?>
<Entities
 majorVersion="9"
 minorVersion="3"
 universal="password">
    <ThingTemplates>
        <ThingTemplate
         baseThingTemplate="KBGenericMSSQLDatabaseTemplate"
         description=""
         documentationContent=""
         effectiveThingPackage="DatabaseThing"
         homeMashup=""
         inheritedValueStream=""
         name="KBAdministrationDatabaseTemplate"
         projectName="KBAdministration"
         tags=""
         thingPackage=""
         valueStream="">
            <avatar></avatar>
            <DesignTimePermissions>
                <Create></Create>
                <Read></Read>
                <Update></Update>
                <Delete></Delete>
                <Metadata></Metadata>
            </DesignTimePermissions>
            <RunTimePermissions></RunTimePermissions>
            <VisibilityPermissions>
                <Visibility></Visibility>
            </VisibilityPermissions>
            <ConfigurationTableDefinitions></ConfigurationTableDefinitions>
            <ConfigurationTables>
                <ConfigurationTable
                 dataShapeName=""
                 description="JDBC Settings"
                 isMultiRow="false"
                 name="ConnectionInfo"
                 ordinal="0">
                    <DataShape>
                        <FieldDefinitions>
                            <FieldDefinition
                             aspect.defaultValue="SELECT NOW()"
                             baseType="STRING"
                             description="Connection test string/query"
                             name="connectionValidationString"
                             ordinal="2"></FieldDefinition>
                            <FieldDefinition
                             aspect.defaultValue="jdbc:mydb:/server:port/database?param=value"
                             aspect.friendlyName="JDBC Connection String"
                             baseType="STRING"
                             description="JDBC Connection URL"
                             name="jDBCConnectionURL"
                             ordinal="1"></FieldDefinition>
                            <FieldDefinition
                             aspect.defaultValue="com.yourdatabase.yourDriver"
                             aspect.friendlyName="JDBC Driver Class Name"
                             baseType="STRING"
                             description="JDBC Driver Class Name"
                             name="jDBCDriverClass"
                             ordinal="0"></FieldDefinition>
                            <FieldDefinition
                             aspect.defaultValue="5.0"
                             aspect.friendlyName="Maxium Number of Connections"
                             baseType="NUMBER"
                             description="Maximum number of connections in the pool"
                             name="maxConnections"
                             ordinal="3"></FieldDefinition>
                            <FieldDefinition
                             aspect.friendlyName="Database Password"
                             baseType="PASSWORD"
                             description="Database password"
                             name="password"
                             ordinal="5"></FieldDefinition>
                            <FieldDefinition
                             aspect.friendlyName="Database User Name"
                             baseType="STRING"
                             description="Database user name"
                             name="userName"
                             ordinal="4"></FieldDefinition>
                        </FieldDefinitions>
                    </DataShape>
                    <Rows>
                        <Row>
                            <connectionValidationString>
                            <![CDATA[
                            select GETDATE()
                            ]]>
                            </connectionValidationString>
                            <jDBCConnectionURL>
                            <![CDATA[
                            jdbc:sqlserver://host\\instance:1433;databaseName=name;applicationName=Thingworx;
                            ]]>
                            </jDBCConnectionURL>
                            <jDBCDriverClass>
                            <![CDATA[
                            com.microsoft.sqlserver.jdbc.SQLServerDriver
                            ]]>
                            </jDBCDriverClass>
                            <maxConnections>5.0</maxConnections>
                            <password></password>
                            <userName></userName>
                        </Row>
                    </Rows>
                </ConfigurationTable>
                <ConfigurationTable
                 dataShapeName=""
                 description="Connection Monitoring Settings"
                 isMultiRow="false"
                 name="ConnectionMonitoring"
                 ordinal="0">
                    <DataShape>
                        <FieldDefinitions>
                            <FieldDefinition
                             aspect.defaultValue="30000.0"
                             aspect.friendlyName="Monitor Rate (milliseconds)"
                             baseType="NUMBER"
                             description="Monitor rate in milliseconds"
                             name="connectionMonitorRate"
                             ordinal="1"></FieldDefinition>
                            <FieldDefinition
                             aspect.defaultValue="false"
                             aspect.friendlyName="Enable Monitoring"
                             baseType="BOOLEAN"
                             description="Enable connection monitoring"
                             name="enableMonitor"
                             ordinal="0"></FieldDefinition>
                            <FieldDefinition
                             aspect.defaultValue="1.0"
                             aspect.friendlyName="Number of Retries"
                             baseType="NUMBER"
                             description="Number of retries"
                             name="numberOfRetries"
                             ordinal="2"></FieldDefinition>
                            <FieldDefinition
                             aspect.defaultValue="2000.0"
                             aspect.friendlyName="Retry Delay (milliseconds)"
                             baseType="NUMBER"
                             description="Retry delay in milliseconds"
                             name="retryDelay"
                             ordinal="3"></FieldDefinition>
                        </FieldDefinitions>
                    </DataShape>
                    <Rows>
                        <Row>
                            <connectionMonitorRate>30000.0</connectionMonitorRate>
                            <enableMonitor>false</enableMonitor>
                            <numberOfRetries>1.0</numberOfRetries>
                            <retryDelay>2000.0</retryDelay>
                        </Row>
                    </Rows>
                </ConfigurationTable>
                <ConfigurationTable
                 dataShapeName=""
                 description="Field/Column Name Aliases"
                 isMultiRow="true"
                 name="ColumnAliases"
                 ordinal="1">
                    <DataShape>
                        <FieldDefinitions>
                            <FieldDefinition
                             aspect.friendlyName="Database Column Name"
                             baseType="STRING"
                             description="Database column name"
                             name="columnName"
                             ordinal="0"></FieldDefinition>
                            <FieldDefinition
                             aspect.friendlyName="Thingworx Field Name"
                             baseType="STRING"
                             description="Thingworx field name"
                             name="fieldName"
                             ordinal="1"></FieldDefinition>
                        </FieldDefinitions>
                    </DataShape>
                    <Rows></Rows>
                </ConfigurationTable>
            </ConfigurationTables>
            <PropertyBindings></PropertyBindings>
            <RemotePropertyBindings></RemotePropertyBindings>
            <RemoteServiceBindings></RemoteServiceBindings>
            <RemoteEventBindings></RemoteEventBindings>
            <AlertConfigurations></AlertConfigurations>
            <ThingShape>
                <PropertyDefinitions></PropertyDefinitions>
                <ServiceDefinitions>
                    <ServiceDefinition
                     aspect.isAsync="false"
                     category=""
                     description=""
                     isAllowOverride="false"
                     isLocalOnly="false"
                     isOpen="false"
                     isPrivate="false"
                     name="AddProductiveStateDefinition">
                        <ResultType
                         baseType="NUMBER"
                         description=""
                         name="result"
                         ordinal="0"></ResultType>
                        <ParameterDefinitions>
                            <FieldDefinition
                             baseType="STRING"
                             description=""
                             name="Machine"
                             ordinal="2"></FieldDefinition>
                            <FieldDefinition
                             baseType="STRING"
                             description=""
                             name="Station"
                             ordinal="1"></FieldDefinition>
                            <FieldDefinition
                             baseType="STRING"
                             description=""
                             name="StatusComparer"
                             ordinal="5"></FieldDefinition>
                            <FieldDefinition
                             baseType="STRING"
                             description=""
                             name="StatusName"
                             ordinal="3"></FieldDefinition>
                            <FieldDefinition
                             baseType="STRING"
                             description=""
                             name="StatusValue"
                             ordinal="4"></FieldDefinition>
                        </ParameterDefinitions>
                    </ServiceDefinition>
                    <ServiceDefinition
                     aspect.isAsync="false"
                     category=""
                     description=""
                     isAllowOverride="false"
                     isLocalOnly="false"
                     isOpen="false"
                     isPrivate="false"
                     name="GetBRQShiftInfoByEndTimeDesc">
                        <ResultType
                         aspect.dataShape="KBShiftInfoDataShape"
                         baseType="INFOTABLE"
                         description=""
                         name="result"
                         ordinal="0"></ResultType>
                        <ParameterDefinitions>
                            <FieldDefinition
                             baseType="DATETIME"
                             description=""
                             name="EndDate"
                             ordinal="3"></FieldDefinition>
                            <FieldDefinition
                             baseType="STRING"
                             description=""
                             name="PlantSAP"
                             ordinal="1"></FieldDefinition>
                            <FieldDefinition
                             baseType="DATETIME"
                             description=""
                             name="StartDate"
                             ordinal="2"></FieldDefinition>
                        </ParameterDefinitions>
                    </ServiceDefinition>
                    <ServiceDefinition
                     aspect.isAsync="false"
                     category=""
                     description=""
                     isAllowOverride="false"
                     isLocalOnly="false"
                     isOpen="false"
                     isPrivate="false"
                     name="GetBRQShiftInfoByStartTimeASC">
                        <ResultType
                         aspect.dataShape="KBShiftInfoDataShape"
                         baseType="INFOTABLE"
                         description=""
                         name="result"
                         ordinal="0"></ResultType>
                        <ParameterDefinitions>
                            <FieldDefinition
                             baseType="DATETIME"
                             description=""
                             name="EndDate"
                             ordinal="3"></FieldDefinition>
                            <FieldDefinition
                             baseType="STRING"
                             description=""
                             name="PlantSAP"
                             ordinal="1"></FieldDefinition>
                            <FieldDefinition
                             baseType="DATETIME"
                             description=""
                             name="StartDate"
                             ordinal="2"></FieldDefinition>
                        </ParameterDefinitions>
                    </ServiceDefinition>
                    <ServiceDefinition
                     aspect.isAsync="false"
                     category=""
                     description=""
                     isAllowOverride="false"
                     isLocalOnly="false"
                     isOpen="false"
                     isPrivate="false"
                     name="GetDistinctMachineFromsmartKPIProductiveStateDefintionTable">
                        <ResultType
                         aspect.dataShape="KBMachineStationsNamesDataShape"
                         baseType="INFOTABLE"
                         description=""
                         name="result"
                         ordinal="0"></ResultType>
                        <ParameterDefinitions></ParameterDefinitions>
                    </ServiceDefinition>
                    <ServiceDefinition
                     aspect.isAsync="false"
                     category=""
                     description=""
                     isAllowOverride="false"
                     isLocalOnly="false"
                     isOpen="false"
                     isPrivate="false"
                     name="GetProductiveStateDefinition">
                        <ResultType
                         aspect.dataShape="KBConfigurationGetProductiveStateDatashape"
                         baseType="INFOTABLE"
                         description=""
                         name="result"
                         ordinal="0"></ResultType>
                        <ParameterDefinitions>
                            <FieldDefinition
                             baseType="STRING"
                             description=""
                             name="Station"
                             ordinal="1"></FieldDefinition>
                        </ParameterDefinitions>
                    </ServiceDefinition>
                    <ServiceDefinition
                     aspect.isAsync="false"
                     category=""
                     description=""
                     isAllowOverride="false"
                     isLocalOnly="false"
                     isOpen="false"
                     isPrivate="false"
                     name="GetShiftInfoByEndTimeDesc">
                        <ResultType
                         aspect.dataShape="KBShiftInfoDataShape"
                         baseType="INFOTABLE"
                         description=""
                         name="result"
                         ordinal="0"></ResultType>
                        <ParameterDefinitions>
                            <FieldDefinition
                             baseType="DATETIME"
                             description=""
                             name="EndDate"
                             ordinal="3"></FieldDefinition>
                            <FieldDefinition
                             baseType="STRING"
                             description=""
                             name="PlantSAP"
                             ordinal="1"></FieldDefinition>
                            <FieldDefinition
                             baseType="DATETIME"
                             description=""
                             name="StartDate"
                             ordinal="2"></FieldDefinition>
                        </ParameterDefinitions>
                    </ServiceDefinition>
                    <ServiceDefinition
                     aspect.isAsync="false"
                     category=""
                     description=""
                     isAllowOverride="false"
                     isLocalOnly="false"
                     isOpen="false"
                     isPrivate="false"
                     name="GetShiftInfoByStartTimeASC">
                        <ResultType
                         aspect.dataShape="KBShiftInfoDataShape"
                         baseType="INFOTABLE"
                         description=""
                         name="result"
                         ordinal="0"></ResultType>
                        <ParameterDefinitions>
                            <FieldDefinition
                             baseType="DATETIME"
                             description=""
                             name="EndDate"
                             ordinal="3"></FieldDefinition>
                            <FieldDefinition
                             baseType="STRING"
                             description=""
                             name="PlantSAP"
                             ordinal="1"></FieldDefinition>
                            <FieldDefinition
                             baseType="DATETIME"
                             description=""
                             name="StartDate"
                             ordinal="2"></FieldDefinition>
                        </ParameterDefinitions>
                    </ServiceDefinition>
                </ServiceDefinitions>
                <EventDefinitions></EventDefinitions>
                <ServiceMappings></ServiceMappings>
                <ServiceImplementations>
                    <ServiceImplementation
                     description=""
                     handlerName="SQLCommand"
                     name="AddProductiveStateDefinition">
                        <ConfigurationTables>
                            <ConfigurationTable
                             dataShapeName=""
                             description="SQLQuery"
                             isMultiRow="false"
                             name="Query"
                             ordinal="0">
                                <DataShape>
                                    <FieldDefinitions>
                                        <FieldDefinition
                                         baseType="NUMBER"
                                         description="maxItems"
                                         name="maxItems"
                                         ordinal="0"></FieldDefinition>
                                        <FieldDefinition
                                         baseType="STRING"
                                         description="sql"
                                         name="sql"
                                         ordinal="0"></FieldDefinition>
                                        <FieldDefinition
                                         baseType="NUMBER"
                                         description="timeout"
                                         name="timeout"
                                         ordinal="0"></FieldDefinition>
                                    </FieldDefinitions>
                                </DataShape>
                                <Rows>
                                    <Row>
                                        <maxItems>500.0</maxItems>
                                        <sql>
                                        <![CDATA[
                                        insert into [smartKPIProductiveStateDefinition] (
                                               [Station]
                                              ,[Machine]
                                              ,[StatusName]
                                              ,[StatusValue]
                                              ,[StatusComparer]
                                        )
                                        values ( [[Station]],[[Machine]],[[StatusName]],[[StatusValue]],[[StatusComparer]]);
                                        ]]>
                                        </sql>
                                        <timeout>125.0</timeout>
                                    </Row>
                                </Rows>
                            </ConfigurationTable>
                        </ConfigurationTables>
                    </ServiceImplementation>
                    <ServiceImplementation
                     description=""
                     handlerName="SQLQuery"
                     name="GetBRQShiftInfoByEndTimeDesc">
                        <ConfigurationTables>
                            <ConfigurationTable
                             dataShapeName=""
                             description="SQLQuery"
                             isMultiRow="false"
                             name="Query"
                             ordinal="0">
                                <DataShape>
                                    <FieldDefinitions>
                                        <FieldDefinition
                                         baseType="NUMBER"
                                         description="maxItems"
                                         name="maxItems"
                                         ordinal="0"></FieldDefinition>
                                        <FieldDefinition
                                         baseType="STRING"
                                         description="sql"
                                         name="sql"
                                         ordinal="0"></FieldDefinition>
                                        <FieldDefinition
                                         baseType="NUMBER"
                                         description="timeout"
                                         name="timeout"
                                         ordinal="0"></FieldDefinition>
                                    </FieldDefinitions>
                                </DataShape>
                                <Rows>
                                    <Row>
                                        <maxItems>500.0</maxItems>
                                        <sql>
                                        <![CDATA[
                                        SELECT [StartTime]
                                              ,[EndTime]
                                              ,[Qualifier]
                                              ,[Name]
                                              ,[Machine]
                                              , datediff( minute, GETDATE(), GETUTCDATE()) as TimezoneOffset
                                              , Utilization as utilization      
                                          FROM [shiftCalendar]
                                          where [Plant] = convert(varchar(255), [[PlantSAP]])
                                          and StartTime between [[StartDate]] and [[EndDate]] and Qualifier = 'W'
                                          and Machine in ('364CHIN','364CHI2N','364CHI3N','364CHI4N','364CHI5N','364CHI6N','364HA1N','364HA2N')
                                          order by EndTime desc
                                        ]]>
                                        </sql>
                                        <timeout>60.0</timeout>
                                    </Row>
                                </Rows>
                            </ConfigurationTable>
                        </ConfigurationTables>
                    </ServiceImplementation>
                    <ServiceImplementation
                     description=""
                     handlerName="SQLQuery"
                     name="GetBRQShiftInfoByStartTimeASC">
                        <ConfigurationTables>
                            <ConfigurationTable
                             dataShapeName=""
                             description="SQLQuery"
                             isMultiRow="false"
                             name="Query"
                             ordinal="0">
                                <DataShape>
                                    <FieldDefinitions>
                                        <FieldDefinition
                                         baseType="NUMBER"
                                         description="maxItems"
                                         name="maxItems"
                                         ordinal="0"></FieldDefinition>
                                        <FieldDefinition
                                         baseType="STRING"
                                         description="sql"
                                         name="sql"
                                         ordinal="0"></FieldDefinition>
                                        <FieldDefinition
                                         baseType="NUMBER"
                                         description="timeout"
                                         name="timeout"
                                         ordinal="0"></FieldDefinition>
                                    </FieldDefinitions>
                                </DataShape>
                                <Rows>
                                    <Row>
                                        <maxItems>500.0</maxItems>
                                        <sql>
                                        <![CDATA[
                                        SELECT [StartTime]
                                              ,[EndTime]
                                              ,[Qualifier]
                                              ,[Name]
                                              ,[Machine]
                                              , datediff( minute, GETDATE(), GETUTCDATE()) as TimezoneOffset
                                              , Utilization as utilization      
                                          FROM [shiftCalendar]
                                          where [Plant] = convert(varchar(255), [[PlantSAP]])
                                          and StartTime between [[StartDate]] and [[EndDate]] and Qualifier = 'W'
                                          and Machine in ('364CHIN','364CHI2N','364CHI3N','364CHI4N','364CHI5N','364CHI6N','364HA1N','364HA2N')
                                          order by StartTime asc
                                        ]]>
                                        </sql>
                                        <timeout>60.0</timeout>
                                    </Row>
                                </Rows>
                            </ConfigurationTable>
                        </ConfigurationTables>
                    </ServiceImplementation>
                    <ServiceImplementation
                     description=""
                     handlerName="SQLQuery"
                     name="GetDistinctMachineFromsmartKPIProductiveStateDefintionTable">
                        <ConfigurationTables>
                            <ConfigurationTable
                             dataShapeName=""
                             description="SQLQuery"
                             isMultiRow="false"
                             name="Query"
                             ordinal="0">
                                <DataShape>
                                    <FieldDefinitions>
                                        <FieldDefinition
                                         baseType="NUMBER"
                                         description="maxItems"
                                         name="maxItems"
                                         ordinal="0"></FieldDefinition>
                                        <FieldDefinition
                                         baseType="STRING"
                                         description="sql"
                                         name="sql"
                                         ordinal="0"></FieldDefinition>
                                        <FieldDefinition
                                         baseType="NUMBER"
                                         description="timeout"
                                         name="timeout"
                                         ordinal="0"></FieldDefinition>
                                    </FieldDefinitions>
                                </DataShape>
                                <Rows>
                                    <Row>
                                        <maxItems>0.0</maxItems>
                                        <sql>
                                        <![CDATA[
                                        SELECT distinct Machine, Station FROM [dbo].[smartKPIProductiveStateDefinition]
                                        ]]>
                                        </sql>
                                        <timeout>200.0</timeout>
                                    </Row>
                                </Rows>
                            </ConfigurationTable>
                        </ConfigurationTables>
                    </ServiceImplementation>
                    <ServiceImplementation
                     description=""
                     handlerName="SQLQuery"
                     name="GetProductiveStateDefinition">
                        <ConfigurationTables>
                            <ConfigurationTable
                             dataShapeName=""
                             description="SQLQuery"
                             isMultiRow="false"
                             name="Query"
                             ordinal="0">
                                <DataShape>
                                    <FieldDefinitions>
                                        <FieldDefinition
                                         baseType="NUMBER"
                                         description="maxItems"
                                         name="maxItems"
                                         ordinal="0"></FieldDefinition>
                                        <FieldDefinition
                                         baseType="STRING"
                                         description="sql"
                                         name="sql"
                                         ordinal="0"></FieldDefinition>
                                        <FieldDefinition
                                         baseType="NUMBER"
                                         description="timeout"
                                         name="timeout"
                                         ordinal="0"></FieldDefinition>
                                    </FieldDefinitions>
                                </DataShape>
                                <Rows>
                                    <Row>
                                        <maxItems>500.0</maxItems>
                                        <sql>
                                        <![CDATA[
                                        select * from [smartKPIProductiveStateDefinition]
                                        where [Station] = [[Station]];
                                        ]]>
                                        </sql>
                                        <timeout>110.0</timeout>
                                    </Row>
                                </Rows>
                            </ConfigurationTable>
                        </ConfigurationTables>
                    </ServiceImplementation>
                    <ServiceImplementation
                     description=""
                     handlerName="SQLQuery"
                     name="GetShiftInfoByEndTimeDesc">
                        <ConfigurationTables>
                            <ConfigurationTable
                             dataShapeName=""
                             description="SQLQuery"
                             isMultiRow="false"
                             name="Query"
                             ordinal="0">
                                <DataShape>
                                    <FieldDefinitions>
                                        <FieldDefinition
                                         baseType="NUMBER"
                                         description="maxItems"
                                         name="maxItems"
                                         ordinal="0"></FieldDefinition>
                                        <FieldDefinition
                                         baseType="STRING"
                                         description="sql"
                                         name="sql"
                                         ordinal="0"></FieldDefinition>
                                        <FieldDefinition
                                         baseType="NUMBER"
                                         description="timeout"
                                         name="timeout"
                                         ordinal="0"></FieldDefinition>
                                    </FieldDefinitions>
                                </DataShape>
                                <Rows>
                                    <Row>
                                        <maxItems>500.0</maxItems>
                                        <sql>
                                        <![CDATA[
                                        SELECT [StartTime]
                                              ,[EndTime]
                                              ,[Qualifier]
                                              ,[Name]
                                              ,[Machine]
                                              , datediff( minute, GETDATE(), GETUTCDATE()) as TimezoneOffset
                                              , Utilization as utilization      
                                          FROM [shiftCalendar]
                                          where [Plant] = convert(varchar(255), [[PlantSAP]])
                                          --and Machine = convert(varchar(255), [[MachineSAP]])
                                          and StartTime between [[StartDate]] and [[EndDate]] and Qualifier = 'W'
                                          order by EndTime desc
                                        ]]>
                                        </sql>
                                        <timeout>60.0</timeout>
                                    </Row>
                                </Rows>
                            </ConfigurationTable>
                        </ConfigurationTables>
                    </ServiceImplementation>
                    <ServiceImplementation
                     description=""
                     handlerName="SQLQuery"
                     name="GetShiftInfoByStartTimeASC">
                        <ConfigurationTables>
                            <ConfigurationTable
                             dataShapeName=""
                             description="SQLQuery"
                             isMultiRow="false"
                             name="Query"
                             ordinal="0">
                                <DataShape>
                                    <FieldDefinitions>
                                        <FieldDefinition
                                         baseType="NUMBER"
                                         description="maxItems"
                                         name="maxItems"
                                         ordinal="0"></FieldDefinition>
                                        <FieldDefinition
                                         baseType="STRING"
                                         description="sql"
                                         name="sql"
                                         ordinal="0"></FieldDefinition>
                                        <FieldDefinition
                                         baseType="NUMBER"
                                         description="timeout"
                                         name="timeout"
                                         ordinal="0"></FieldDefinition>
                                    </FieldDefinitions>
                                </DataShape>
                                <Rows>
                                    <Row>
                                        <maxItems>500.0</maxItems>
                                        <sql>
                                        <![CDATA[
                                        SELECT [StartTime]
                                              ,[EndTime]
                                              ,[Qualifier]
                                              ,[Name]
                                              ,[Machine]
                                              , datediff( minute, GETDATE(), GETUTCDATE()) as TimezoneOffset
                                              , Utilization as utilization      
                                          FROM [shiftCalendar]
                                          where [Plant] = convert(varchar(255), [[PlantSAP]])
                                          --and Machine = convert(varchar(255), [[MachineSAP]])
                                          and StartTime between [[StartDate]] and [[EndDate]] and Qualifier = 'W'
                                          order by StartTime asc
                                        ]]>
                                        </sql>
                                        <timeout>60.0</timeout>
                                    </Row>
                                </Rows>
                            </ConfigurationTable>
                        </ConfigurationTables>
                    </ServiceImplementation>
                </ServiceImplementations>
                <Subscriptions></Subscriptions>
            </ThingShape>
            <ImplementedShapes></ImplementedShapes>
            <SharedConfigurationTables></SharedConfigurationTables>
            <InstanceDesignTimePermissions>
                <Create></Create>
                <Read></Read>
                <Update></Update>
                <Delete></Delete>
                <Metadata></Metadata>
            </InstanceDesignTimePermissions>
            <InstanceRunTimePermissions></InstanceRunTimePermissions>
            <InstanceVisibilityPermissions>
                <Visibility></Visibility>
            </InstanceVisibilityPermissions>
        </ThingTemplate>
    </ThingTemplates>
</Entities>