<?xml version="1.0" encoding="UTF-8"?>
<Entities
 majorVersion="9"
 minorVersion="3"
 universal="password">
    <Groups>
        <Group
         description=""
         documentationContent=""
         homeMashup=""
         name="KBExceptionUserGroup"
         projectName="KBAdministration"
         scimDisplayName=""
         scimExternalId=""
         scimId=""
         tags="KBThingWorxUserHandling:AssignableAdministratorGroup">
            <avatar></avatar>
            <DesignTimePermissions>
                <Create></Create>
                <Read></Read>
                <Update></Update>
                <Delete></Delete>
                <Metadata></Metadata>
            </DesignTimePermissions>
            <RunTimePermissions>
                <Permissions
                 resourceName="*">
                    <PropertyRead>
                        <Principal
                         isPermitted="true"
                         name="KBExceptionUserGroup"
                         type="Group"></Principal>
                        <Principal
                         isPermitted="true"
                         name="KBLocalAdministrators"
                         type="Group"></Principal>
                    </PropertyRead>
                    <PropertyWrite>
                        <Principal
                         isPermitted="true"
                         name="KBExceptionUserGroup"
                         type="Group"></Principal>
                        <Principal
                         isPermitted="true"
                         name="KBLocalAdministrators"
                         type="Group"></Principal>
                    </PropertyWrite>
                    <ServiceInvoke>
                        <Principal
                         isPermitted="true"
                         name="KBExceptionUserGroup"
                         type="Group"></Principal>
                        <Principal
                         isPermitted="true"
                         name="KBLocalAdministrators"
                         type="Group"></Principal>
                    </ServiceInvoke>
                    <EventInvoke>
                        <Principal
                         isPermitted="true"
                         name="KBExceptionUserGroup"
                         type="Group"></Principal>
                        <Principal
                         isPermitted="true"
                         name="KBLocalAdministrators"
                         type="Group"></Principal>
                    </EventInvoke>
                    <EventSubscribe>
                        <Principal
                         isPermitted="true"
                         name="KBExceptionUserGroup"
                         type="Group"></Principal>
                        <Principal
                         isPermitted="true"
                         name="KBLocalAdministrators"
                         type="Group"></Principal>
                    </EventSubscribe>
                </Permissions>
            </RunTimePermissions>
            <VisibilityPermissions>
                <Visibility>
                    <Principal
                     isPermitted="true"
                     name="KBBackGroundWorker"
                     type="Organization"></Principal>
                    <Principal
                     isPermitted="true"
                     name="KBOrganization"
                     type="Organization"></Principal>
                </Visibility>
            </VisibilityPermissions>
            <ConfigurationTableDefinitions></ConfigurationTableDefinitions>
            <ConfigurationTables></ConfigurationTables>
            <Members>
                <Members>
                    <Member
                     name="boncza"
                     type="User"></Member>
                </Members>
            </Members>
        </Group>
    </Groups>
</Entities>
